sum_yr,sigun_cd,sigun_nm,gout_firesttn_nm,gout_safe_center_nm,dispatch_rows,rows_with_patient_sex
2025,41110,수원시,수원남부소방서,남부119안전센터,7932,5385
2025,41110,수원시,수원남부소방서,지만119안전센터,8851,6143
2025,41110,수원시,수원남부소방서,서둔119안전센터,4789,3493
2025,41110,수원시,수원소방서,정자119안전센터,12053,8816
2025,41110,수원시,수원남부소방서,호매실119안전센터,3809,2845
2025,41110,수원시,수원남부소방서,매산119안전센터,10532,7219
2025,41110,수원시,수원남부소방서,고색119안전센터,4008,2681
2025,41110,수원시,수원남부소방서,권선119안전센터,4960,3327
2025,41110,수원시,수원소방서,원천119안전센터,8223,5823
2025,41110,수원시,수원소방서,영통119안전센터,4552,3362
2025,41110,수원시,수원소방서,파장119안전센터,3338,2522
2025,41110,수원시,수원소방서,이의119안전센터,3737,2512
2025,41130,성남시,분당소방서,서현119안전센터,6537,4816
2025,41130,성남시,분당소방서,수내119안전센터,7143,5041
2025,41130,성남시,분당소방서,구미119안전센터,3971,2934
2025,41130,성남시,분당소방서,서판교119안전센터,1674,1220
2025,41130,성남시,분당소방서,판교119안전센터,3367,2295
2025,41130,성남시,분당소방서,야탑119안전센터,3775,2776
2025,41130,성남시,성남소방서,신흥119안전센터,7882,5941
2025,41130,성남시,성남소방서,고등119안전센터,1564,1022
2025,41130,성남시,성남소방서,단대119안전센터,6524,4941
2025,41130,성남시,성남소방서,태평119안전센터,3444,2763
2025,41130,성남시,성남소방서,위례119안전센터,3214,2298
2025,41130,성남시,성남소방서,하대원119안전센터,6663,4922
2025,41130,성남시,성남소방서,상대원119안전센터,3056,2312
2025,41150,의정부시,의정부소방서,흥선119안전센터,10823,8463
2025,41150,의정부시,의정부소방서,민락119안전센터,2663,2144
2025,41150,의정부시,의정부소방서,호원119안전센터,4094,3359
2025,41150,의정부시,의정부소방서,금오119안전센터,6578,4976
2025,41150,의정부시,의정부소방서,녹양119안전센터,2913,2267
2025,41150,의정부시,의정부소방서,송산119안전센터,3741,2966
2025,41170,안양시,안양소방서,박달119안전센터,3012,1936
2025,41170,안양시,안양소방서,석수119안전센터,4631,3605
2025,41170,안양시,안양소방서,관양119안전센터,3131,2292
2025,41170,안양시,안양소방서,부림119안전센터,8127,5469
2025,41170,안양시,안양소방서,귀인119안전센터,3827,2927
2025,41170,안양시,안양소방서,안양119안전센터,5635,4101
2025,41170,안양시,안양소방서,만안119안전센터,3265,2378
2025,41190,부천시,부천소방서,서부119안전센터,4469,3318
2025,41190,부천시,부천소방서,오정119안전센터,3248,2246
2025,41190,부천시,부천소방서,원종119안전센터,4431,3591
2025,41190,부천시,부천소방서,중앙119안전센터,12498,9160
2025,41190,부천시,부천소방서,괴안119안전센터,4706,3544
2025,41190,부천시,부천소방서,범박119안전센터,4380,3279
2025,41190,부천시,부천소방서,중동119안전센터,4266,3227
2025,41190,부천시,부천소방서,신상119안전센터,3004,2192
2025,41190,부천시,부천소방서,상동119안전센터,3591,2771
2025,41190,부천시,부천소방서,여월119안전센터,3506,2532
2025,41210,광명시,광명소방서,광명119안전센터,2010,1417
2025,41210,광명시,광명소방서,하안119안전센터,3933,3045
2025,41210,광명시,광명소방서,소하119안전센터,5130,3624
2025,41210,광명시,광명소방서,광남119안전센터,3209,2268
2025,41210,광명시,광명소방서,광북119안전센터,1257,849
2025,41220,평택시,송탄소방서,서탄119안전센터,1379,776
2025,41220,평택시,송탄소방서,신장119안전센터,6026,4275
2025,41220,평택시,송탄소방서,119구조대,2455,1722
2025,41220,평택시,송탄소방서,청북119안전센터,2295,1442
2025,41220,평택시,송탄소방서,모곡119안전센터,1228,788
2025,41220,평택시,송탄소방서,진위119안전센터,1288,756
2025,41220,평택시,송탄소방서,고덕119안전센터,2937,2086
2025,41220,평택시,평택소방서,신평119안전센터,3549,2533
2025,41220,평택시,평택소방서,세교119안전센터,3904,2854
2025,41220,평택시,평택소방서,팽성119안전센터,2190,1651
2025,41220,평택시,평택소방서,비전119안전센터,6442,4676
2025,41220,평택시,평택소방서,안중119안전센터,2998,2162
2025,41220,평택시,평택소방서,포승119안전센터,2068,1465
2025,41250,동두천시,동두천소방서,불현119안전센터,7210,5827
2025,41250,동두천시,동두천소방서,소요119안전센터,1159,953
2025,41270,안산시,안산소방서,월피119안전센터,3471,2620
2025,41270,안산시,안산소방서,고잔119안전센터,8009,5790
2025,41270,안산시,안산소방서,원시119안전센터,2029,1427
2025,41270,안산시,안산소방서,반월119안전센터,2197,1489
2025,41270,안산시,안산소방서,상록수119안전센터,9125,6787
2025,41270,안산시,안산소방서,사동119안전센터,4194,3310
2025,41270,안산시,안산소방서,신길119안전센터,3298,2363
2025,41270,안산시,안산소방서,선부119안전센터,7699,5603
2025,41270,안산시,안산소방서,성곡119안전센터,1091,714
2025,41270,안산시,안산소방서,대부119안전센터,1163,889
2025,41280,고양시,고양소방서,능곡119안전센터,3431,2661
2025,41280,고양시,고양소방서,원당119안전센터,6879,5264
2025,41280,고양시,고양소방서,삼송119안전센터,7406,5802
2025,41280,고양시,고양소방서,행신119안전센터,3882,3113
2025,41280,고양시,고양소방서,화전119안전센터,2197,1616
2025,41280,고양시,일산소방서,중산119안전센터,7167,5350
2025,41280,고양시,일산소방서,풍동119안전센터,2933,2274
2025,41280,고양시,일산소방서,문화119안전센터,1660,1184
2025,41280,고양시,일산소방서,고봉119안전센터,2401,1928
2025,41280,고양시,일산소방서,백석119안전센터,3297,2708
2025,41280,고양시,일산소방서,119구조대,3014,2279
2025,41280,고양시,일산소방서,대화119안전센터,4179,3132
2025,41280,고양시,일산소방서,장항119안전센터,3782,2709
2025,41280,고양시,일산소방서,주엽119안전센터,3054,2468
2025,41290,과천시,과천소방서,중앙119안전센터,3050,2135
2025,41290,과천시,과천소방서,과천119안전센터,578,400
2025,41290,과천시,과천소방서,주암119안전센터,364,261
2025,41310,구리시,구리소방서,갈매119안전센터,2067,1531
2025,41310,구리시,구리소방서,교문119안전센터,6137,4930
2025,41310,구리시,구리소방서,인창119안전센터,3679,2750
2025,41370,오산시,오산소방서,세교119안전센터,5337,3463
2025,41370,오산시,오산소방서,원동119안전센터,3030,2134
2025,41370,오산시,오산소방서,119구조구급대,4099,2927
2025,41370,오산시,오산소방서,청학119안전센터,3732,2609
2025,41390,시흥시,시흥소방서,시흥119안전센터,4045,2365
2025,41390,시흥시,시흥소방서,배곧119안전센터,4840,3207
2025,41390,시흥시,시흥소방서,은행119안전센터,7780,5292
2025,41390,시흥시,시흥소방서,정왕119안전센터,2274,1371
2025,41390,시흥시,시흥소방서,연성119안전센터,3627,2460
2025,41390,시흥시,시흥소방서,목감119안전센터,2520,1678
2025,41390,시흥시,시흥소방서,군서119안전센터,2152,1203
2025,41410,군포시,군포소방서,산본119안전센터,3364,2548
2025,41410,군포시,군포소방서,오금119안전센터,8975,6911
2025,41410,군포시,군포소방서,송정119안전센터,1640,1126
2025,41430,의왕시,의왕소방서,고천119안전센터,4740,3240
2025,41430,의왕시,의왕소방서,부곡119안전센터,2456,1750
2025,41430,의왕시,의왕소방서,백운119안전센터,2639,1929
2025,41450,하남시,하남소방서,감일119안전센터,2431,1702
2025,41450,하남시,하남소방서,덕풍119안전센터,3739,2909
2025,41450,하남시,하남소방서,미사119안전센터,4737,3740
2025,41450,하남시,하남소방서,신장119안전센터,4590,3536
2025,41460,용인시,용인소방서,역북119안전센터,6808,4923
2025,41460,용인시,용인서부소방서,구갈119안전센터,7424,5030
2025,41460,용인시,용인서부소방서,수지119안전센터,7626,5410
2025,41460,용인시,용인서부소방서,동백119안전센터,6245,4599
2025,41460,용인시,용인서부소방서,보정119안전센터,3863,3015
2025,41460,용인시,용인서부소방서,기흥119안전센터,3113,2194
2025,41460,용인시,용인서부소방서,성복119안전센터,5490,4080
2025,41460,용인시,용인소방서,양지119안전센터,1732,1246
2025,41460,용인시,용인소방서,포곡119안전센터,2902,2089
2025,41460,용인시,용인소방서,백암119안전센터,2276,1577
2025,41460,용인시,용인소방서,남사119안전센터,1414,1047
2025,41460,용인시,용인소방서,모현119안전센터,1816,1307
2025,41460,용인시,용인소방서,이동119안전센터,1619,1134
2025,41480,파주시,파주소방서,금촌119안전센터,7231,5420
2025,41480,파주시,파주소방서,운정119안전센터,7699,6125
2025,41480,파주시,파주소방서,탄현119안전센터,1273,958
2025,41480,파주시,파주소방서,교하119안전센터,3627,2853
2025,41480,파주시,파주소방서,통일119안전센터,2948,2322
2025,41480,파주시,파주소방서,법원119안전센터,1457,1101
2025,41480,파주시,파주소방서,광탄119안전센터,1691,1285
2025,41480,파주시,파주소방서,적성119안전센터,894,707
2025,41480,파주시,파주소방서,월롱119안전센터,1918,1204
2025,41500,이천시,이천소방서,관고119안전센터,6561,4937
2025,41500,이천시,이천소방서,마장119안전센터,1848,1316
2025,41500,이천시,이천소방서,대월119안전센터,4332,2953
2025,41500,이천시,이천소방서,장호원119안전센터,2363,1758
2025,41550,안성시,안성소방서,원곡119안전센터,1480,934
2025,41550,안성시,안성소방서,도기119안전센터,4460,2936
2025,41550,안성시,안성소방서,공도119안전센터,2918,2082
2025,41550,안성시,안성소방서,119구조대,2550,1969
2025,41550,안성시,안성소방서,죽산119안전센터,1694,1324
2025,41550,안성시,안성소방서,미양119안전센터,1432,1045
2025,41570,김포시,김포소방서,마산119안전센터,4766,3589
2025,41570,김포시,김포소방서,119구조대,4683,3403
2025,41570,김포시,김포소방서,고촌119안전센터,2510,1755
2025,41570,김포시,김포소방서,통진119안전센터,4031,2980
2025,41570,김포시,김포소방서,대곶119안전센터,1555,948
2025,41570,김포시,김포소방서,양촌119안전센터,3825,2462
2025,41570,김포시,김포소방서,중앙119안전센터,3529,2500
2025,41570,김포시,김포소방서,학운119안전센터,1303,726
2025,41570,김포시,김포소방서,하성119안전센터,1136,759
2025,41590,화성시,화성소방서,새솔119안전센터,3852,2641
2025,41590,화성시,화성소방서,태안119안전센터,4828,3633
2025,41590,화성시,화성소방서,남양119안전센터,4561,3332
2025,41590,화성시,화성소방서,목동119안전센터,7213,5445
2025,41590,화성시,화성소방서,향남119안전센터,5901,4310
2025,41590,화성시,화성소방서,정남119안전센터,1629,1029
2025,41590,화성시,화성소방서,반송119안전센터,8358,5852
2025,41590,화성시,화성소방서,봉담119안전센터,3994,3112
2025,41590,화성시,화성소방서,장안119안전센터,2106,1430
2025,41590,화성시,화성소방서,팔탄119안전센터,2558,1637
2025,41610,광주시,광주소방서,오포119안전센터,3373,2442
2025,41610,광주시,광주소방서,초월119안전센터,4426,3144
2025,41610,광주시,광주소방서,능평119안전센터,2606,2093
2025,41610,광주시,광주소방서,송정119안전센터,6871,4932
2025,41610,광주시,광주소방서,광남119안전센터,2627,1960
2025,41610,광주시,광주소방서,곤지암119안전센터,2310,1608
2025,41630,양주시,남양주소방서,가운119안전센터,3575,2546
2025,41630,양주시,남양주소방서,진접119안전센터,3489,2821
2025,41630,양주시,남양주소방서,평내119안전센터,6466,4894
2025,41630,양주시,남양주소방서,화도119안전센터,6289,4475
2025,41630,양주시,남양주소방서,별내119안전센터,6211,4694
2025,41630,양주시,남양주소방서,와부119안전센터,2733,2023
2025,41630,양주시,남양주소방서,오남119안전센터,3295,2440
2025,41630,양주시,남양주소방서,진건119안전센터,2763,1692
2025,41630,양주시,남양주소방서,다산119안전센터,3055,2325
2025,41630,양주시,양주소방서,장흥119안전센터,1788,1380
2025,41630,양주시,양주소방서,고읍119안전센터,3425,2700
2025,41630,양주시,양주소방서,백석119안전센터,1819,1385
2025,41630,양주시,양주소방서,옥정119안전센터,3821,2924
2025,41630,양주시,양주소방서,남면119안전센터,901,656
2025,41630,양주시,양주소방서,회천119안전센터,3396,2656
2025,41630,양주시,양주소방서,광적119안전센터,1455,1097
2025,41650,포천시,포천소방서,일동119안전센터,1913,1500
2025,41650,포천시,포천소방서,가산119안전센터,1077,744
2025,41650,포천시,포천소방서,소흘119안전센터,2655,1962
2025,41650,포천시,포천소방서,선단119안전센터,1810,1281
2025,41650,포천시,포천소방서,군내119안전센터,2956,2293
2025,41650,포천시,포천소방서,영북119안전센터,1273,956
2025,41650,포천시,포천소방서,내촌119안전센터,1028,643
2025,41650,포천시,포천소방서,영중119안전센터,1020,773
2025,41670,여주시,여주소방서,북내119안전센터,2248,1543
2025,41670,여주시,여주소방서,월송119안전센터,4208,3092
2025,41670,여주시,여주소방서,가남119안전센터,2457,1670
2025,41670,여주시,여주소방서,금사119안전센터,1280,898
2025,41800,연천군,연천소방서,전곡119안전센터,1489,1287
2025,41800,연천군,연천소방서,연천119안전센터,683,521
2025,41800,연천군,연천소방서,백학119안전센터,520,386
2025,41800,연천군,연천소방서,은대119안전센터,871,676
2025,41800,연천군,연천소방서,군남119안전센터,470,384
2025,41800,연천군,연천소방서,차탄119안전센터,378,301
2025,41820,가평군,가평소방서,가평119안전센터,1447,1122
2025,41820,가평군,가평소방서,조종119안전센터,1265,1021
2025,41820,가평군,가평소방서,수난구조대,719,452
2025,41820,가평군,가평소방서,설악119안전센터,2676,2010
2025,41820,가평군,가평소방서,대곡119안전센터,1161,914
2025,41830,양평군,양평소방서,용문119안전센터,3505,2648
2025,41830,양평군,양평소방서,공흥119안전센터,3417,2310
2025,41830,양평군,양평소방서,강상119안전센터,1861,1290
2025,41830,양평군,양평소방서,양서119안전센터,1206,758
2025,41830,양평군,양평소방서,양평수난구조대,901,641
