candidate_id,candidate_name,municipality_code,road_address,latitude,longitude,candidate_source,land_feasibility_status,coordinate_source,matched_address,kakao_place_id,geocoding_status,routing_status
MOHW-20251231-41670-001,가남건강생활지원센터,41670,경기도 여주시 가남읍 태평중앙1길 20,37.2016541764562,127.544872949932,https://www.data.go.kr/data/3072692/fileData.do,requires_planning_review_existing_public_health_facility,kakao_local_address_search,경기 여주시 가남읍 태평중앙1길 20,,verified_municipality_match,pending_kakao_api
MOHW-20251231-41670-002,강천보건지소,41670,경기도 여주시 강천면 강문로 586 (강천면보건소) .,37.2721254250109,127.71230182991,https://www.data.go.kr/data/3072692/fileData.do,requires_planning_review_existing_public_health_facility,kakao_local_address_search,경기 여주시 강천면 강문로 586,,verified_municipality_match,pending_kakao_api
MOHW-20251231-41670-003,강천보건진료소,41670,경기도 여주시 강천면 강천리길 62-1 (강천보건진료소) .,37.2361339418422,127.709637757459,https://www.data.go.kr/data/3072692/fileData.do,requires_planning_review_existing_public_health_facility,kakao_local_address_search,경기 여주시 강천면 강천리길 62-1,,verified_municipality_match,pending_kakao_api
MOHW-20251231-41670-004,금당보건진료소,41670,경기도 여주시 가남읍 금당리길 108 (금당보건진료소) .,37.201639990095,127.621101098057,https://www.data.go.kr/data/3072692/fileData.do,requires_planning_review_existing_public_health_facility,kakao_local_address_search,경기 여주시 가남읍 금당리길 108,,verified_municipality_match,pending_kakao_api
MOHW-20251231-41670-005,금사보건지소,41670,경기도 여주시 금사면 이포로 27 (금사면행정복지센터) 금사보건지소,37.392579694958,127.533359721013,https://www.data.go.kr/data/3072692/fileData.do,requires_planning_review_existing_public_health_facility,kakao_local_address_search,경기 여주시 금사면 이포로 27,,verified_municipality_match,pending_kakao_api
MOHW-20251231-41670-006,대신보건지소,41670,경기도 여주시 대신면 율촌1길 47 (대신면보건지소) .,37.3736182369144,127.587236828524,https://www.data.go.kr/data/3072692/fileData.do,requires_planning_review_existing_public_health_facility,kakao_local_address_search,경기 여주시 대신면 율촌1길 47,,verified_municipality_match,pending_kakao_api
MOHW-20251231-41670-007,도전보건진료소,41670,경기도 여주시 강천면 원심동1길 32 (도전보건진료소) .,37.348231891828,127.748599396013,https://www.data.go.kr/data/3072692/fileData.do,requires_planning_review_existing_public_health_facility,kakao_local_address_search,경기 여주시 강천면 원심동1길 32,,verified_municipality_match,pending_kakao_api
MOHW-20251231-41670-008,매류보건진료소,41670,경기도 여주시 세종대왕면 양화로 621 (매류보건진료소) .,37.2758282487153,127.558509798804,https://www.data.go.kr/data/3072692/fileData.do,requires_planning_review_existing_public_health_facility,kakao_local_address_search,경기 여주시 세종대왕면 양화로 621,,verified_municipality_match,pending_kakao_api
MOHW-20251231-41670-009,백석보건진료소,41670,경기도 여주시 세종대왕면 능서로 495 (백석보건진료소) .,37.3372186166457,127.583857008584,https://www.data.go.kr/data/3072692/fileData.do,requires_planning_review_existing_public_health_facility,kakao_local_address_search,경기 여주시 세종대왕면 능서로 495,,verified_municipality_match,pending_kakao_api
MOHW-20251231-41670-010,북내보건지소,41670,경기도 여주시 북내면 당우2길 10 (북내보건지소) .,37.3289545897282,127.678078067074,https://www.data.go.kr/data/3072692/fileData.do,requires_planning_review_existing_public_health_facility,kakao_local_address_search,경기 여주시 북내면 당우2길 10,,verified_municipality_match,pending_kakao_api
MOHW-20251231-41670-011,산북보건지소,41670,경기도 여주시 산북면 상품로 93 (산북면행정복지센터) .,37.4020630642345,127.442955955757,https://www.data.go.kr/data/3072692/fileData.do,requires_planning_review_existing_public_health_facility,kakao_local_address_search,경기 여주시 산북면 상품로 93,,verified_municipality_match,pending_kakao_api
MOHW-20251231-41670-012,삼승보건진료소,41670,경기도 여주시 가남읍 삼정길 5 (삼승보건진료소) .,37.175143942097,127.63534208732,https://www.data.go.kr/data/3072692/fileData.do,requires_planning_review_existing_public_health_facility,kakao_local_address_search,경기 여주시 가남읍 삼정길 5,,verified_municipality_match,pending_kakao_api
MOHW-20251231-41670-013,상구보건진료소,41670,경기도 여주시 대신면 상구2길 3 (상구보건진료소) .,37.3731182663005,127.641790360716,https://www.data.go.kr/data/3072692/fileData.do,requires_planning_review_existing_public_health_facility,kakao_local_address_search,경기 여주시 대신면 상구2길 3,,verified_municipality_match,pending_kakao_api
MOHW-20251231-41670-014,송촌보건진료소,41670,경기도 여주시 대신면 여양1로 218 (송촌보건진료소) .,37.4099610494234,127.567564386816,https://www.data.go.kr/data/3072692/fileData.do,requires_planning_review_existing_public_health_facility,kakao_local_address_search,경기 여주시 대신면 여양1로 218,,verified_municipality_match,pending_kakao_api
MOHW-20251231-41670-015,여주시보건소,41670,"경기도 여주시 여흥로160번길 14 (상동, 여주시보건소) .",37.2946348700612,127.640409999938,https://www.data.go.kr/data/3072692/fileData.do,requires_planning_review_existing_public_health_facility,kakao_local_address_search,경기 여주시 여흥로160번길 14,,verified_municipality_match,pending_kakao_api
MOHW-20251231-41670-016,오산보건진료소,41670,경기도 여주시 가남읍 오산1길 5 (오산보건진료소) .,37.2375762784118,127.557098367249,https://www.data.go.kr/data/3072692/fileData.do,requires_planning_review_existing_public_health_facility,kakao_local_address_search,경기 여주시 가남읍 오산1길 5,,verified_municipality_match,pending_kakao_api
MOHW-20251231-41670-017,장안보건진료소,41670,경기도 여주시 점동면 안평로 284-3 (장안보건진료소) .,37.2037865203315,127.71209815732,https://www.data.go.kr/data/3072692/fileData.do,requires_planning_review_existing_public_health_facility,kakao_local_address_search,경기 여주시 점동면 안평로 284-3,,verified_municipality_match,pending_kakao_api
MOHW-20251231-41670-018,점동면뇌곡보건진료소,41670,경기도 여주시 점동면 성주로 591 (뇌곡보건진료소) .,37.1633258812496,127.660458506615,https://www.data.go.kr/data/3072692/fileData.do,requires_planning_review_existing_public_health_facility,kakao_local_address_search,경기 여주시 점동면 성주로 591,,verified_municipality_match,pending_kakao_api
MOHW-20251231-41670-019,점동보건지소,41670,경기도 여주시 점동면 청안2길 20 (점동면 행정복지센터) 1층,37.2039028292347,127.65985185961,https://www.data.go.kr/data/3072692/fileData.do,requires_planning_review_existing_public_health_facility,kakao_local_address_search,경기 여주시 점동면 청안2길 20,,verified_municipality_match,pending_kakao_api
MOHW-20251231-41670-020,주암보건진료소,41670,경기도 여주시 북내면 여양2로 1104 (주암보건진료소) .,37.3960015146246,127.680658266456,https://www.data.go.kr/data/3072692/fileData.do,requires_planning_review_existing_public_health_facility,kakao_local_address_search,경기 여주시 북내면 여양2로 1104,,verified_municipality_match,pending_kakao_api
MOHW-20251231-41670-021,하호보건진료소,41670,경기도 여주시 금사면 금품1로 712 (금사면 하호보건진료소) .,37.4069107048815,127.503910287198,https://www.data.go.kr/data/3072692/fileData.do,requires_planning_review_existing_public_health_facility,kakao_local_address_search,경기 여주시 금사면 금품1로 712,,verified_municipality_match,pending_kakao_api
MOHW-20251231-41670-022,흥천보건지소,41670,경기도 여주시 흥천면 효자로 131-12 (흥천보건지소) .,37.3313150345477,127.543128722428,https://www.data.go.kr/data/3072692/fileData.do,requires_planning_review_existing_public_health_facility,kakao_local_address_search,경기 여주시 흥천면 효자로 131-12,,verified_municipality_match,pending_kakao_api
