HT_INST_NM,CTPV_NM,SGG_NM,HTCT_TYPE_NM,LCTN_ROAD_NM_ADDR,LCTN_LOTNO_ADDR,MCARE_EXMD_CN,HMPG_ADDR,TELNO,CRTR_YMD,INSTT_CODE,INSTT_NM
풍도보건진료소,경기도,안산시,보건진료소,경기도 안산시 단원구 풍도2길 4(풍도동),경기도 안산시 단원구 풍도동 244,일차진료,,032-858-9290,2026-06-16,3930000,경기도 안산시
안산시남동보건진료소,경기도,안산시,보건진료소,경기도 안산시 단원구 비룰길 7(대부남동),경기도 안산시 단원구 대부남동 1071-8,일차진료,,031-481-2558,2026-06-16,3930000,경기도 안산시
원곡보건지소,경기도,안산시,보건지소,"경기도 안산시 단원구 부부로 43, 3층(원곡동)",경기도 안산시 단원구 원곡동 991-1 3층,치과+한의과,,031-481-6830,2026-06-16,3930000,경기도 안산시
대부보건지소,경기도,안산시,보건지소,경기도 안산시 단원구 대부중앙로 77(대부북동),경기도 안산시 단원구 대부북동 303,치과+한의과,,031-481-2560,2026-06-16,3930000,경기도 안산시
수암보건지소,경기도,안산시,보건지소,경기도 안산시 상록구 원당골1길 23-3 (수암동),경기도 안산시 상록구 수암동 467-3,내과+한의과,,031-481-5889,2026-06-16,3930000,경기도 안산시
단원보건소,경기도,안산시,보건소,경기도 안산시 단원구 화랑로 250(초지동),경기도 안산시 단원구 초지동 666-8,일차진료+한의과+치과,,1666-1234,2026-06-16,3930000,경기도 안산시
상록수보건소,경기도,안산시,보건소,경기도 안산시 상록구 차돌배기로1길 5 (사동),경기도 안산시 상록구 사동 1584,일차진료+한의과+치과,,1666-1234,2026-06-16,3930000,경기도 안산시
평택보건소,경기도,평택시,보건소,경기도 평택시 평택5로 56,경기도 평택시 비전동 850,내과,https://www.pyeongtaek.go.kr/health/main.do,031-8024-5559,2026-02-20,3910000,경기도 평택시
파주시운정보건소,경기도,파주시,보건소,경기도 파주시 금바위로 44,경기도 파주시 와동동 1387,내과+치과,http://clinic.paju.go.kr/clinic/index.do,031-820-7300,2025-12-22,4060000,경기도 파주시
파주보건소,경기도,파주시,보건소,경기도 파주시 후곡로 13,경기도 파주시 금촌동 953-4,내과+치과+한의과,http://clinic.paju.go.kr/clinic/index.do,031-940-4800,2025-12-22,4060000,경기도 파주시
문곡보건진료소,경기도,평택시,보건진료소,경기도 평택시 고덕면 문곡길 5,경기도 평택시 고덕면 동청리 6-1,내과,https://www.pyeongtaek.go.kr/health/main.do,031-8024-4390,2026-02-20,3910000,경기도 평택시
금각보건진료소,경기도,평택시,보건진료소,경기도 평택시 서탄면 금각1길 6-5,경기도 평택시 서탄면 금각리 286-24,내과,https://www.pyeongtaek.go.kr/health/main.do,031-8024-4388,2026-02-20,3910000,경기도 평택시
은산보건진료소,경기도,평택시,보건진료소,경기도 평택시 진위면 은산3길 26,경기도 평택시 진위면 은산리 67-13,내과,https://www.pyeongtaek.go.kr/health/main.do,031-8024-4384,2026-02-20,3910000,경기도 평택시
동천보건진료소,경기도,평택시,보건진료소,경기도 평택시 진위면 동천2길 14,경기도 평택시 동천리 209-9,내과,https://www.pyeongtaek.go.kr/health/main.do,031-8024-4386,2026-02-20,3910000,경기도 평택시
고덕보건지소,경기도,평택시,보건지소,경기도 평택시 고덕로 283,경기도 평택시 고덕동 1693-1139,한의과,https://www.pyeongtaek.go.kr/health/main.do,031-8024-6838,2026-02-20,3910000,경기도 평택시
서탄보건지소,경기도,평택시,보건지소,경기도 평택시 서탄면 금암2길 122,경기도 평택시 금암리 247,내과+한의과,https://www.pyeongtaek.go.kr/health/main.do,031-8024-6777,2026-02-20,3910000,경기도 평택시
진위보건지소,경기도,평택시,보건지소,경기도 평택시 진위면 봉남길 61,경기도 평택시 봉남리 229,내과+한의과,https://www.pyeongtaek.go.kr/health/main.do,031-8024-6707,2026-02-20,3910000,경기도 평택시
송탄보건소,경기도,평택시,보건소,경기도 평택시 서정로 295,경기도 평택시 서정동 산12,내과+한의과,https://www.pyeongtaek.go.kr/health/main.do,031-8024-7273,2026-02-20,3910000,경기도 평택시
팽성원정보건진료소,경기도,평택시,보건진료소,경기도 평택시 팽성읍 팽성북로 29,경기도 평택시 원정리 102-25,내과,https://www.pyeongtaek.go.kr/health/main.do,031-8024-4370,2026-02-20,3910000,경기도 평택시
두정보건진료소,경기도,평택시,보건진료소,경기도 평택시 팽성읍 두정길 53,경기도 평택시 두정리 141-8,내과,https://www.pyeongtaek.go.kr/health/main.do,031-8024-4372,2026-02-20,3910000,경기도 평택시
장수보건진료소,경기도,평택시,보건진료소,경기도 평택시 장수안길 35,경기도 평택시 장수리 147-2,내과,https://www.pyeongtaek.go.kr/health/main.do,031-8024-4382,2026-02-20,3910000,경기도 평택시
덕목보건진료소,경기도,평택시,보건진료소,경기도 평택시 현덕면 현덕로 387,경기도 평택시 현덕면 덕목리 503-13,내과,https://www.pyeongtaek.go.kr/health/main.do,031-8024-4380,2026-02-20,3910000,경기도 평택시
신영보건진료소,경기도,평택시,보건진료소,경기도 평택시 포승읍 중간촌길 18-4,경기도 평택시 포승읍 신영리 235-1,내과,https://www.pyeongtaek.go.kr/health/main.do,031-8024-4376,2026-02-20,3910000,경기도 평택시
포승원정보건진료소,경기도,평택시,보건진료소,경기도 평택시 포승읍 포승원정길 23,경기도 평택시 포승읍 원정리 391-22,내과,https://www.pyeongtaek.go.kr/health/main.do,031-8024-4374,2026-02-20,3910000,경기도 평택시
어연보건진료소,경기도,평택시,보건진료소,경기도 평택시 청북읍 청원로 427,경기도 평택시 청북읍 어연리 898,내과,https://www.pyeongtaek.go.kr/health/main.do,031-8024-4378,2026-02-20,3910000,경기도 평택시
현덕보건지소,경기도,평택시,보건지소,경기도 평택시 현덕면 인광길 84,경기도 평택시 현덕면 인광리 402-12,내과+한의과,https://www.pyeongtaek.go.kr/health/main.do,031-8024-8907,2026-02-20,3910000,경기도 평택시
포승보건지소,경기도,평택시,보건지소,경기도 평택시 포승읍 서동대로 1174-16,경기도 평택시 포승읍 방림리 716,내과,https://www.pyeongtaek.go.kr/health/main.do,031-8024-8706,2026-02-20,3910000,경기도 평택시
오성보건지소,경기도,평택시,보건지소,경기도 평택시 오성면 숙성시장길 23,경기도 평택시 오성면 숙성리 129-1,내과+한의과,https://www.pyeongtaek.go.kr/health/main.do,031-8024-8806,2026-02-20,3910000,경기도 평택시
청북보건지소,경기도,평택시,보건지소,경기도 평택시 청북읍 청원로 2,경기도 평택시 청북읍 현곡리 293-4,내과+한의과,https://www.pyeongtaek.go.kr/health/main.do,031-8024-8856,2026-02-20,3910000,경기도 평택시
안중보건지소,경기도,평택시,보건지소,경기도 평택시 안현로서9길 24,경기도 평택시 안중읍 현화리 834-10,내과,https://www.pyeongtaek.go.kr/health/main.do,031-8024-8003,2026-02-20,3910000,경기도 평택시
팽성보건지소,경기도,평택시,보건지소,경기도 평택시 팽성읍 팽성남산4길 6,경기도 평택시 남산리 406-21,내과,https://www.pyeongtaek.go.kr/health/main.do,031-8024-4360,2026-02-20,3910000,경기도 평택시
화악리보건진료소,경기도,가평군,보건진료소,경기도 가평군 북면 화악지암길 4,경기도 가평군 북면 화악리 472-4,내과,,031-582-3011,2025-12-24,4160000,경기도 가평군
운악리보건진료소,경기도,가평군,보건진료소,경기도 가평군 조종면 현등사길 7-16,경기도 가평군 조종면 운악리 449-1,내과,,031-585-1128,2025-12-24,4160000,경기도 가평군
태봉리보건진료소,경기도,가평군,보건진료소,경기도 가평군 상면 아랫벌길 11,경기도 가평군 상면 태봉리 353-4,내과,,031-585-1568,2025-12-24,4160000,경기도 가평군
임초리보건진료소,경기도,가평군,보건진료소,경기도 가평군 상면 청군로 699,경기도 가평군 상면 임초리 416-2,내과,,031-585-1736,2025-12-24,4160000,경기도 가평군
율길리보건진료소,경기도,가평군,보건진료소,경기도 가평군 상면 청군로 2043-15,경기도 가평군 상면 율길리 611-1,내과,,031-584-3494,2025-12-24,4160000,경기도 가평군
위곡리보건진료소,경기도,가평군,보건진료소,경기도 가평군 설악면 한서로 227,경기도 가평군 설악면 위곡리 719-2,내과,,031-584-7205,2025-12-24,4160000,경기도 가평군
설곡리보건진료소,경기도,가평군,보건진료소,경기도 가평군 설악면 봉미산안길7번길 1-6,경기도 가평군 설악면 설곡리 703-1,내과,,031-584-7771,2025-12-24,4160000,경기도 가평군
상천리보건진료소,경기도,가평군,보건진료소,경기도 가평군 청평면 수리재길 293-19,경기도 가평군 청평면 상천리 992,내과,,031-584-1795,2025-12-24,4160000,경기도 가평군
삼회리보건진료소,경기도,가평군,보건진료소,경기도 가평군 청평면 북한강로2010번길 18,경기도 가평군 청평면 삼회리 226-3,내과,,031-584-2242,2025-12-24,4160000,경기도 가평군
산유리보건진료소,경기도,가평군,보건진료소,경기도 가평군 가평읍 호반로 1799-8,경기도 가평군 가평읍 산유리 197-8,내과,,031-582-0294,2025-12-24,4160000,경기도 가평군
백둔리보건진료소,경기도,가평군,보건진료소,경기도 가평군 북면 백둔로 417-9,경기도 가평군 북면 백둔리 348-1,내과,,031-582-1011,2025-12-24,4160000,경기도 가평군
방일리보건진료소,경기도,가평군,보건진료소,경기도 가평군 설악면 양방가루재길 4-18,경기도 가평군 설악면 방일리 215-12,내과,,031-584-7051,2025-12-24,4160000,경기도 가평군
미사리보건진료소,경기도,가평군,보건진료소,경기도 가평군 설악면 미사리로 629,경기도 가평군 설악면 미사리 308,내과,,031-584-4166,2025-12-24,4160000,경기도 가평군
도대리보건진료소,경기도,가평군,보건진료소,경기도 가평군 가화로 2370-14,경기도 가평군 북면 도대리 311-14,내과,,031-582-0388,2025-12-24,4160000,경기도 가평군
개곡리보건진료소,경기도,가평군,보건진료소,경기도 가평군 가평읍 당목가일길 211-9,경기도 가평군 가평읍 개곡리 718-1,내과,,031-582-1191,2025-12-24,4160000,경기도 가평군
조종면보건지소,경기도,가평군,보건지소,경기도 가평군 조종면 조종내길 75,경기도 가평군 조종면 현리 567-7,내과+한의과,,031-580-4242,2025-12-24,4160000,경기도 가평군
청평면보건지소,경기도,가평군,보건지소,경기도 가평군 청평면 은고개로 21,경기도 가평군 청평면 청평리 333-1,내과+한의과,,031-580-4142,2025-12-24,4160000,경기도 가평군
설악면보건지소,경기도,가평군,보건지소,경기도 가평군 한서로 6,경기도 가평군 설악면 신천리 156-1,내과+한의과,,031-580-4091,2025-12-24,4160000,경기도 가평군
상면보건지소,경기도,가평군,보건지소,경기도 가평군 상면 청군로 1099,경기도 가평군 상면 연하리 171-1,내과+한의과,,031-580-4194,2025-12-24,4160000,경기도 가평군
북면보건지소,경기도,가평군,보건지소,경기도 가평군 북면 화악산로 23,경기도 가평군 북면 목동리 883-13,내과+한의과,,031-580-4293,2025-12-24,4160000,경기도 가평군
가평군보건소,경기도,가평군,보건소,경기도 가평군 가평읍 가화로 155-18,경기도 가평군 가평읍 읍내리 624-1,내과+한의과,https://www.gp.go.kr/health/index.do,031-582-2488,2025-12-24,4160000,경기도 가평군
영통구보건소,경기도,수원시 영통구,보건소,경기도 수원시 영통구 영통로 396,경기도 수원시 영통구 영통동 961-18,내과+한의과+물리치료,health.suwon.go.kr,031-5191-0718,2025-11-26,3740000,경기도 수원시
팔달구보건소,경기도,수원시 팔달구,보건소,경기도 수원시 팔달구 팔달산로 6,경기도 수원시 팔달구 교동 56-1,내과+한의과+물리치료,health.suwon.go.kr,031-5191-0517,2025-11-26,3740000,경기도 수원시
권선구보건소,경기도,수원시 권선구,보건소,경기도 수원시 권선구 호매실로 22-50,경기도 수원시 권선구 탑동 910,내과+한의과+물리치료,health.suwon.go.kr,031-5191-0317,2025-11-26,3740000,경기도 수원시
장안구보건소,경기도,수원시 장안구,보건소,경기도 수원시 장안구 송원로 101,경기도 수원시 장안구 조원동 888,내과+한의과+물리치료,health.suwon.go.kr,031-5191-0118,2025-11-26,3740000,경기도 수원시
하남시미사보건센터,경기도,하남시,보건지소,경기도 하남시 미사강변대로 200,경기도 하남시 망월동 980,내과,https://www.hanam.go.kr/health/index.do,031-790-6555,2025-12-10,4040000,경기도 하남시
하남시보건소,경기도,하남시,보건소,경기도 하남시 대청로 10,경기도 하남시 신장동 520,내과,https://www.hanam.go.kr/health/index.do,031-790-6555,2025-12-10,4040000,경기도 하남시
