장소유형,담당부서,장소명,읍면동 구분,소재지도로명주소,소재지지번주소,연락처,홈페이지,위도,경도,데이터기준일자,비고
공공의료,보건행정과,강천보건지소,강천면,경기도 여주시 강천면 강문로 586,경기도 여주시 강천면 간매리 271-4,031-887-3649,https://www.yeoju.go.kr/health,37.27212543,127.7123018,2025-12-16,
공공의료,보건행정과,강천보건진료소,강천면,경기도 여주시 강천면 강천리길 62-1,경기도 여주시 강천면 강천리 607-3,031-887-3663,https://www.yeoju.go.kr/health,37.23613394,127.7096378,2025-12-16,
공공의료,건강증진과,경기 여주공공산후조리원,여흥동,경기도 여주시 여흥로160번길 16,경기도 여주시 상동 357,031-881-9500,http://www.gypc.or.kr,37.29457207,127.6395096,2025-12-16,
공공의료,보건행정과,금당보건진료소,가남읍,경기도 여주시 가남읍 금당리길 108,경기도 여주시 가남읍 금당리 168-5,031-887-3654,https://www.yeoju.go.kr/health,37.20163999,127.6211011,2025-12-16,
공공의료,보건행정과,금사보건지소,금사면,경기도 여주시 금사면 이포로 27,경기도 여주시 금사면 이포리 197-3,031-887-3645,https://www.yeoju.go.kr/health,37.39257969,127.5333597,2025-12-16,
공공의료,보건행정과,뇌곡보건진료소,점동면,경기도 여주시 점동면 성주로 591,경기도 여주시 점동면 뇌곡리 173-12,031-887-3652,https://www.yeoju.go.kr/health,37.16332588,127.6604585,2025-12-16,
공공의료,보건행정과,대신보건지소,대신면,경기도 여주시 대신면 율촌1길 47,경기도 여주시 대신면 율촌리 331,031-887-3647,https://www.yeoju.go.kr/health,37.37361824,127.5872368,2025-12-16,
공공의료,보건행정과,도전보건진료소,강천면,경기도 여주시 강천면 원심동1길 32,경기도 여주시 강천면 도전리 641-1,031-887-3662,https://www.yeoju.go.kr/health,37.34823539,127.7486012,2025-12-16,
공공의료,보건행정과,매류보건진료소,세종대왕면,경기도 여주시 세종대왕면 양화로 621,경기도 여주시 세종대왕면 매류리 325-2,031-887-3656,https://www.yeoju.go.kr/health,37.27582825,127.5585098,2025-12-16,
공공의료,보건행정과,백석보건진료소,세종대왕면,경기도 여주시 세종대왕면 능서로 495,경기도 여주시 세종대왕면 내양리 345-344,031-887-3657,https://www.yeoju.go.kr/health,37.33721862,127.583857,2025-12-16,
공공의료,보건행정과,북내보건지소,북내면,경기도 여주시 북내면 당우2길 10,경기도 여주시 북내면 당우리 168-17,031-887-3648,https://www.yeoju.go.kr/health,37.32895459,127.6780781,2025-12-16,
공공의료,보건행정과,산북보건지소,산북면,경기도 여주시 산북면 상품로 93,경기도 여주시 산북면 상품리 121,031-887-3646,https://www.yeoju.go.kr/health,37.40206306,127.442956,2025-12-16,
공공의료,보건행정과,삼승보건진료소,가남읍,경기도 여주시 가남읍 삼정길 5,경기도 여주시 가남읍 삼승리 76-2,031-887-3653,https://www.yeoju.go.kr/health,37.17514394,127.6353421,2025-12-16,
공공의료,보건행정과,상구보건진료소,대신면,경기도 여주시 대신면 상구2길 3,경기도 여주시 대신면 상구리 344-2,031-887-3660,https://www.yeoju.go.kr/health,37.37311827,127.6417904,2025-12-16,
공공의료,보건행정과,세종대왕보건지소,세종대왕면,경기도 여주시 세종대왕면 양화로 913,경기도 여주시 세종대왕면 신지리 262-1,031-887-3643,https://www.yeoju.go.kr/health,37.29720158,127.5716126,2025-12-16,
공공의료,보건행정과,송촌보건진료소,대신면,경기도 여주시 대신면 여양1로 218,경기도 여주시 대신면 송촌리 413-1,031-887-3659,https://www.yeoju.go.kr/health,37.40996105,127.5675644,2025-12-16,
공공의료,건강증진과,여주시남부치매안심센터,점동면,경기도 여주시 점동면 청안로 130-6,경기도 여주시 점동면 청안리 130-8,031-887-3490,https://www.yeoju.go.kr/health,37.20571644,127.6624169,2025-12-16,
공공의료,보건행정과,여주시보건소,여흥동,경기도 여주시 여흥로160번길 14,경기도 여주시 상동 357,031-887-3603,https://www.yeoju.go.kr/health,37.29460883,127.6403935,2025-12-16,
공공의료,건강증진과,여주시북부치매안심센터,대신면,경기도 여주시 대신면 풍양1길 16,경기도 여주시 대신면 율촌리 306-1,031-887-3497,https://www.yeoju.go.kr/health,37.37205432,127.5852426,2025-12-16,
공공의료,건강증진과,여주시정신건강복지센터(부설)자살예방센터,여흥동,"경기도 여주시 여흥로160번길 12, 2층",경기도 여주시 상동 357,031-887-3435,https://www.yeojumind.com,37.29477832,127.6399084,2025-12-16,
공공의료,건강증진과,여주시치매안심센터 가남분소,가남읍,경기도 여주시 가남읍 태평중앙1길 20,경기도 여주시 가남읍 태평리 138-8,031-887-3642,https://www.yeoju.go.kr/health,37.20165418,127.5448729,2025-12-16,
공공의료,건강증진과,여주시치매안심센터 흥천분소,흥천면,경기도 여주시 흥천면 효자로 131-12,경기도 여주시 흥천면 효지리 214-1,031-887-3644,https://www.yeoju.go.kr/health,37.33131503,127.5431287,2025-12-16,
공공의료,보건행정과,오산보건진료소,가남읍,경기도 여주시 가남읍 오산1길 5,경기도 여주시 가남읍 오산리 393-1,031-887-3655,https://www.yeoju.go.kr/health,37.23757628,127.5570984,2025-12-16,
공공의료,보건행정과,장안보건진료소,점동면,경기도 여주시 점동면 안평로 284-3,경기도 여주시 점동면 장안리 496-1,031-887-3651,https://www.yeoju.go.kr/health,37.20378652,127.7120982,2025-12-16,
공공의료,보건행정과,점동보건지소,점동면,경기도 여주시 점동면 청안2길 20,경기도 여주시 점동면 청안리 660-1,031-887-3641,https://www.yeoju.go.kr/health,37.2039201,127.6599257,2025-12-16,
공공의료,보건행정과,주암보건진료소,북내면,경기도 여주시 북내면 여양2로 1104,경기도 여주시 북내면 주암리 210-4,031-887-3661,https://www.yeoju.go.kr/health,37.39600151,127.6806583,2025-12-16,
공공의료,건강증진과,치매안심센터,여흥동,"경기도 여주시 여흥로160번길 12, 1층",경기도 여주시 상동 357,031-887-3685,https://www.yeoju.go.kr/health,37.29477832,127.6399084,2025-12-16,
공공의료,보건행정과,하호보건진료소,금사면,경기도 여주시 금사면 금품1로 710,경기도 여주시 금사면 하호리 178,031-887-3658,https://www.yeoju.go.kr/health,37.406821,127.5037336,2025-12-16,
공공의료,보건행정과,흥천보건지소,흥천면,경기도 여주시 흥천면 효자로 131-12,경기도 여주시 흥천면 효지리 214-1,031-887-3644,https://www.yeoju.go.kr/health,37.33131503,127.5431287,2025-12-16,
공공청사(서비스),회계과,가남읍 행정복지센터,가남읍,경기도 여주시 가남읍 태평중앙1길 20,경기도 여주시 가남읍 태평리 138-8,031-887-3832,https://www.yeoju.go.kr,37.20165418,127.5448729,2025-12-16,
공공청사(서비스),회계과,강천면 행정복지센터,강천면,경기도 여주시 강천면 긴등길 5,경기도 여주시 강천면 간매리 526-6,031-887-3982,https://www.yeoju.go.kr,37.27284624,127.7110728,2025-12-16,
공공청사(서비스),회계과,금사면 행정복지센터,금사면,경기도 여주시 금사면 이포로 27,경기도 여주시 금사면 이포리 197-3,031-887-3893,https://www.yeoju.go.kr,37.39257969,127.5333597,2025-12-16,
공공청사(서비스),회계과,농업기술센터,여흥동,경기도 여주시 농산로 71,경기도 여주시 상거동 5-6,031-887-3710,https://www.yeoju.go.kr/agriculture,37.25375913,127.6377715,2025-12-16,
공공청사(서비스),회계과,대신면 행정복지센터,대신면,경기도 여주시 대신면 여양로 1456-10,경기도 여주시 대신면 율촌리 390,031-887-3932,https://www.yeoju.go.kr,37.37507087,127.5865435,2025-12-16,
공공청사(서비스),회계과,도시안전정보센터,여흥동,경기도 여주시 강변유원지길 107,경기도 여주시 연양동 304-3,031-887-3380,https://www.yeoju.go.kr,37.29310473,127.6670859,2025-12-16,
공공청사(서비스),일자리경제과,동부 경기문화창조허브,중앙동,경기도 여주시 청심로 88,경기도 여주시 하동 124,031-8051-8103,,37.29953272,127.6301574,2025-12-16,
공공청사(서비스),회계과,북내면 행정복지센터,북내면,경기도 여주시 북내면 여양2로 301,경기도 여주시 북내면 당우리 165-5,031-887-3483,https://www.yeoju.go.kr,37.32905517,127.6790797,2025-12-16,
공공청사(서비스),회계과,산북면 행정복지센터,산북면,경기도 여주시 산북면 상품로 93,경기도 여주시 산북면 상품리 121,031-887-3913,https://www.yeoju.go.kr,37.40206306,127.442956,2025-12-16,
공공청사(서비스),회계과,세종대왕면 행정복지센터,세종대왕면,경기도 여주시 세종대왕면 번도1길 2-9,경기도 여주시 세종대왕면 번도리 502-3,031-887-3856,https://www.yeoju.go.kr,37.2999858,127.5734637,2025-12-16,
공공청사(서비스),회계과,수도사업소,여흥동,경기도 여주시 용강길 97,경기도 여주시 상동 29-7,031-887-3504,https://www.yeoju.go.kr,37.28597986,127.650237,2025-12-16,
공공청사(서비스),일자리경제과,여주시 사회적공동체지원센터,중앙동,경기도 여주시 세종로14번길 18,경기도 여주시 창동 68,031-885-5703,https://yjscsc.or.kr,37.29744578,127.6350937,2025-12-16,
공공청사(서비스),일자리경제과,여주시 소비자상담센터,중앙동,경기도 여주시 여흥로11번길 26,경기도 여주시 하동 134-11,031-883-9898,http://www.ncce.or.kr,37.29869399,127.6289484,2025-12-16,
공공청사(서비스),일자리경제과,여주시 소상공인지원센터,여흥동,경기도 여주시 세종로 10,경기도 여주시 홍문동 15-4,031-885-3016,https://yjss.or.kr,37.29718729,127.6367513,2025-12-16,
공공청사(서비스),회계과,여주시의회,여흥동,경기도 여주시 세종로 1,경기도 여주시 홍문동 4,031-887-2521,https://www.yeojucouncil.go.kr,37.29821379,127.6366244,2025-12-16,
공공청사(서비스),회계과,여주시청,여흥동,경기도 여주시 세종로 1,경기도 여주시 홍문동 4,031-887-2114,https://www.yeoju.go.kr,37.29821379,127.6366244,2025-12-16,
공공청사(서비스),회계과,여주시청 별관,여흥동,경기도 여주시 세종로 10,경기도 여주시 홍문동 15-4,031-887-2114,https://www.yeoju.go.kr,37.29718729,127.6367513,2025-12-16,
공공청사(서비스),일자리경제과,여주일자리센터,중앙동,경기도 여주시 세종로14번길 18,경기도 여주시 창동 68,031-887-2690,https://gyeonggi.work.go.kr/yeoju/main.do,37.29744578,127.6350937,2025-12-16,
공공청사(서비스),회계과,여흥동 행정복지센터,여흥동,경기도 여주시 여흥로 148,경기도 여주시 상동 357-2,031-887-3773,https://www.yeoju.go.kr,37.29496555,127.6396267,2025-12-16,
공공청사(서비스),회계과,오학동 행정복지센터,오학동,경기도 여주시 도예로 8,경기도 여주시 현암동 227-5,031-887-3972,https://www.yeoju.go.kr,37.30541974,127.6381576,2025-12-16,
공공청사(서비스),회계과,점동면 행정복지센터,점동면,경기도 여주시 점동면 청안2길 20,경기도 여주시 점동면 청안리 660-1,031-887-3812,https://www.yeoju.go.kr,37.2039201,127.6599257,2025-12-16,
공공청사(서비스),회계과,중앙동 행정복지센터,중앙동,경기도 여주시 여흥로11번길 26,경기도 여주시 하동 134-11,031-887-3414,https://www.yeoju.go.kr,37.29869399,127.6289484,2025-12-16,
공공청사(서비스),회계과,차량등록사무소,오학동,,경기도 여주시 천송동 300-4,031-887-2231,https://www.yeoju.go.kr,37.30118281,127.6579631,2025-12-16,
공공청사(서비스),회계과,하수사업소,여흥동,경기도 여주시 용강길 97,경기도 여주시 상동 29-7,031-887-3517,https://www.yeoju.go.kr,37.28597986,127.650237,2025-12-16,
공공청사(서비스),회계과,흥천면 행정복지센터,흥천면,경기도 여주시 흥천면 효자로 154,경기도 여주시 흥천면 효지리 376-6,031-887-3875,https://www.yeoju.go.kr,37.33330365,127.5414254,2025-12-16,
공원·수목원,산림공원과,10호공원,오학동,,경기도 여주시 오학동 419,031-887-2604,,37.3040084,127.6465051,2025-12-16,
공원·수목원,산림공원과,14호공원,오학동,,경기도 여주시 오학동 403,031-887-2604,,37.30194807,127.6473666,2025-12-16,
공원·수목원,산림공원과,17호공원,중앙동,,경기도 여주시 하동 431-4,031-887-2604,,37.3012403,127.6227795,2025-12-16,
공원·수목원,산림공원과,1호공원,여흥동,,경기도 여주시 상동 282-4,031-887-2604,,37.29580238,127.6395941,2025-12-16,
공원·수목원,산림공원과,2호공원,중앙동,경기도 여주시 강변로 25,경기도 여주시 하동 121-4,031-887-2604,,37.30114377,127.6289,2025-12-16,
공원·수목원,산림공원과,3호공원,중앙동,경기도 여주시 여흥로88번길 18-12,경기도 여주시 창동 145,031-887-2604,,37.29427389,127.6334497,2025-12-16,
공원·수목원,산림공원과,4호공원,여흥동,경기도 여주시 세종로79번길 21-12,경기도 여주시 홍문동 283,031-887-2604,,37.29081999,127.6378148,2025-12-16,
공원·수목원,산림공원과,5호공원,여흥동,경기도 여주시 여흥로160번길 49-7,경기도 여주시 상동 373-8,031-887-2604,,37.29188362,127.641287,2025-12-16,
공원·수목원,산림공원과,7호공원,중앙동,,경기도 여주시 하동 412-1,031-887-2604,,37.29622708,127.6300342,2025-12-16,
공원·수목원,산림공원과,9호공원,중앙동,,경기도 여주시 하동 422,031-887-2604,,37.29998402,127.6241111,2025-12-16,
공원·수목원,산림공원과,금은모래강변공원,여흥동,경기도 여주시 강변유원지길 164,경기도 여주시 연양동 8,031-887-2604,,37.28937608,127.6719504,2025-12-16,
공원·수목원,산림공원과,법무단지앞 소공원1,오학동,,경기도 여주시 현암동 674,031-887-2604,,37.311933,127.6314557,2025-12-16,
공원·수목원,산림공원과,법무단지앞 소공원2,오학동,,경기도 여주시 현암동 679,031-887-2604,,37.31279417,127.6344664,2025-12-16,
공원·수목원,산림공원과,여주18호 어린이공원,중앙동,,경기도 여주시 교동 115-1,031-887-2604,,37.27838827,127.6331412,2025-12-16,
공원·수목원,산림공원과,여주22호 어린이공원,중앙동,,경기도 여주시 교동 115-15,031-887-2604,,37.2768225,127.6328215,2025-12-16,
공원·수목원,산림공원과,여주IC앞소공원,여흥동,,경기도 여주시 점봉동 233,031-887-2604,,37.25405325,127.6478527,2025-12-16,
공원·수목원,산림공원과,여주근린공원,여흥동,경기도 여주시 여흥로160번길 21,경기도 여주시 상동 352,031-887-2604,,37.29395607,127.6404539,2025-12-16,
공원·수목원,산림공원과,영월근린공원,여흥동,경기도 여주시 주내로 13,경기도 여주시 상동 132,031-887-2604,,37.29441991,127.6476579,2025-12-16,
공원·수목원,산림공원과,청안어린이공원,점동면,,경기도 여주시 점동면 청안리 651-1,031-887-2604,,37.2051677,127.6604204,2025-12-16,
공원·수목원,산림공원과,태평4호공원,가남읍,경기도 여주시 가남읍 태평1길 20,경기도 여주시 가남읍 태평리 95-1,031-887-2604,,37.20414094,127.5482748,2025-12-16,
공원·수목원,산림공원과,태평5호공원,가남읍,,경기도 여주시 가남읍 태평리 769,031-887-2604,,37.20673404,127.5450164,2025-12-16,
공원·수목원,산림공원과,태평근린공원,가남읍,경기도 여주시 가남읍 태평2길 42-1,경기도 여주시 가남읍 태평리 174,031-887-2604,,37.20429471,127.5455125,2025-12-16,
공원·수목원,산림공원과,황학산수목원,여흥동,경기도 여주시 황학산수목원길 73,경기도 여주시 매룡동 282,031-887-2744,https://www.yeoju.go.kr/hhsan,37.27875343,127.6470365,2025-12-16,
농촌체험휴양마을,농업정책과,늘향골마을,점동면,경기도 여주시 점동면 도리길 152,경기도 여주시 점동면 도리 60-2,,,37.2233893,127.7057236,2025-12-16,
농촌체험휴양마을,농업정책과,밀머리마을,점동면,경기도 여주시 점동면 밀머리길 20,경기도 여주시 점동면 당진리 334-3,0507-1312-2193,http://milmeori.modoo.at,37.18243718,127.683217,2025-12-16,
농촌체험휴양마을,농업정책과,백화원,점동면,,경기도 여주시 점동면 부구리 313,0507-1343-6625,,37.19411174,127.667985,2025-12-16,
농촌체험휴양마을,농업정책과,품실채마을,산북면,경기도 여주시 산북면 광여로 1389,경기도 여주시 산북면 백자리 308-2,,,37.41389291,127.4535081,2025-12-16,
농촌체험휴양마을,농업정책과,해바라기마을,강천면,경기도 여주시 강천면 부평로 368,경기도 여주시 강천면 부평리 213-5,,,37.2844394,127.7405217,2025-12-16,
대중교통,교통행정과,세종대왕릉역,세종대왕면,경기도 여주시 세종대왕면 양화로 877,경기도 여주시 세종대왕면 신지리 275,1544-7788,,37.29393756,127.5707271,2025-12-16,
대중교통,교통행정과,여주역,중앙동,경기도 여주시 교동로 80,경기도 여주시 교동 403-1,1544-7788,,37.28248579,127.6286863,2025-12-16,
대중교통,교통행정과,여주종합터미널,여흥동,경기도 여주시 세종로 85,경기도 여주시 홍문동 274-7,1688-6512,,37.29034759,127.6356027,2025-12-16,
도서관,평생교육과,금사도서관,흥천면,"경기도 여주시 흥천면 이여로 1728-2, 이포권역행복센터 3층",경기도 여주시 흥천면 계신리 15,031-887-3390,https://www.yjlib.go.kr,37.388433,127.534584,2025-12-16,
도서관,평생교육과,대신도서관,대신면,경기도 여주시 대신면 율촌1길 12-10,경기도 여주시 대신면 율촌리 305-1,031-887-3361,https://www.yjlib.go.kr,37.37146848,127.5844591,2025-12-16,
도서관,평생교육과,북내작은도서관,북내면,경기도 여주시 북내면 여강로 337-38,경기도 여주시 북내면 신접리 204-7,031-883-0766,https://www.yjlib.go.kr,37.32761653,127.6834114,2025-12-16,
도서관,평생교육과,산북작은도서관,산북면,경기도 여주시 산북면 상품로 113,경기도 여주시 산북면 상품리 132-3,031-887-3316,https://www.yjlib.go.kr,37.40338436,127.4433029,2025-12-16,
도서관,평생교육과,세종도서관,중앙동,경기도 여주시 영릉로 125,경기도 여주시 하동 107-12,031-887-2861,https://www.yjlib.go.kr,37.29692248,127.6252266,2025-12-16,
도서관,평생교육과,여주기적의도서관,세종대왕면,경기도 여주시 세종대왕면 양화로 913,경기도 여주시 세종대왕면 신지리 262-1,031-887-2965,https://www.yjlib.go.kr,37.29720158,127.5716126,2025-12-16,
도서관,평생교육과,여주도서관,오학동,경기도 여주시 여양로 190-17,경기도 여주시 천송동 561-3,031-887-3300,https://www.yjlib.go.kr,37.29972476,127.6511736,2025-12-16,
도서관,평생교육과,점동도서관,점동면,경기도 여주시 점동면 청안로 130-15,경기도 여주시 점동면 청안리 117-17,031-887-3331,https://www.yjlib.go.kr,37.20518969,127.6630138,2025-12-16,
도서관,평생교육과,흥천도서관,흥천면,경기도 여주시 흥천면 효자로 121,경기도 여주시 흥천면 효지리 220-5,031-887-3234,https://www.yjlib.go.kr,37.33156745,127.5441791,2025-12-16,
모범음식점,보건행정과,BOB(비오비),여흥동,경기도 여주시 상거길 13,경기도 여주시 상거동 187-10,031-881-1234,,37.2486055,127.6293551,2025-12-16,
모범음식점,보건행정과,River52,중앙동,경기도 여주시 강변로 52,경기도 여주시 하동 171-2,031-881-3800,,37.30012923,127.631757,2025-12-16,
모범음식점,보건행정과,강계봉진막국수,대신면,경기도 여주시 대신면 천서리길 26,경기도 여주시 대신면 천서리 419-2,031-882-8300,,37.40319637,127.5489569,2025-12-16,
모범음식점,보건행정과,개성집,오학동,경기도 여주시 현암로 13,경기도 여주시 현암동 668-6,031-881-1777,,37.31219246,127.6323289,2025-12-16,
모범음식점,보건행정과,구능촌,세종대왕면,경기도 여주시 세종대왕면 중부대로2629번길 43,경기도 여주시 세종대왕면 번도리 910,031-882-4893,,37.30180646,127.5990825,2025-12-16,
모범음식점,보건행정과,금룡,여흥동,경기도 여주시 세종로79번길 18-9,경기도 여주시 홍문동 281-3,031-885-7117,,37.29001466,127.6370765,2025-12-16,
모범음식점,보건행정과,나들목,여흥동,경기도 여주시 세종로 492,경기도 여주시 점봉동 340-2,031-881-6078,,37.25640704,127.6467304,2025-12-16,
모범음식점,보건행정과,남한강 송어횟집,세종대왕면,경기도 여주시 세종대왕면 능서로 714,경기도 여주시 세종대왕면 내양리 68,031-881-5792,,37.35356126,127.5731536,2025-12-16,
모범음식점,보건행정과,대구왕볼때기,여흥동,경기도 여주시 세종로79번길 17-9,경기도 여주시 홍문동 271-7,031-885-0370,,37.29086738,127.6369286,2025-12-16,
모범음식점,보건행정과,도깨비정원,강천면,경기도 여주시 강천면 부평로 407,경기도 여주시 강천면 부평리 139-1,031-886-1238,,37.28816347,127.7378993,2025-12-16,
모범음식점,보건행정과,동네막국수,오학동,경기도 여주시 현암3길 28,경기도 여주시 현암동 191-24,031-884-0434,,37.30995042,127.641094,2025-12-16,
모범음식점,보건행정과,두메산골,대신면,경기도 여주시 대신면 풍양1길 6-2,경기도 여주시 대신면 율촌리 344-7,031-881-4063,,37.37316505,127.5845584,2025-12-16,
모범음식점,보건행정과,두메촌,대신면,경기도 여주시 대신면 보통3길 5,경기도 여주시 대신면 보통리 513-3,031-882-0240,,37.38109243,127.5697715,2025-12-16,
모범음식점,보건행정과,두부고을 해마루,북내면,경기도 여주시 북내면 당전로 113,경기도 여주시 북내면 신접리 189-7,031-884-1137,,37.33210871,127.690057,2025-12-16,
모범음식점,보건행정과,두부고을묵대감집,여흥동,경기도 여주시 명품로 93,경기도 여주시 상거동 7-1,031-884-4999,,37.25139691,127.6387737,2025-12-16,
모범음식점,보건행정과,박대감화로구이,여흥동,경기도 여주시 세종로79번길 17-14,경기도 여주시 홍문동 282-3,031-882-1117,,37.29099247,127.637341,2025-12-16,
모범음식점,보건행정과,부뚜막 삼겹살,여흥동,경기도 여주시 여흥로109번길 10,경기도 여주시 홍문동 42,031-885-7765,,37.29640744,127.6359507,2025-12-16,
모범음식점,보건행정과,불타는 숯불닭갈비,중앙동,경기도 여주시 여흥로4번길 39-1,경기도 여주시 하동 423-13,031-886-1778,,37.29973853,127.6230581,2025-12-16,
모범음식점,보건행정과,산촌,가남읍,경기도 여주시 가남읍 경충대로 1142,경기도 여주시 가남읍 심석리 113-1,031-881-0092,,37.19494854,127.5555628,2025-12-16,
모범음식점,보건행정과,알콩달콩 한정식,여흥동,경기도 여주시 장여로 1681,경기도 여주시 점봉동 184-1,031-881-0046,,37.24692668,127.6496947,2025-12-16,
모범음식점,보건행정과,여주(강릉)휴게소[여흥옥],가남읍,경기도 여주시 가남읍 여주남로 722,경기도 여주시 가남읍 오산리 산 2-5,031-882-3120,,37.2377222,127.5683146,2025-12-16,
모범음식점,보건행정과,여주본가,가남읍,경기도 여주시 가남읍 가남로 270-3,경기도 여주시 가남읍 양귀리 141-2,031-883-1277,,37.21457711,127.5802081,2025-12-16,
모범음식점,보건행정과,여주천서리막국수,여흥동,경기도 여주시 세종로 361,경기도 여주시 점봉동 429-43,031-883-0001,,37.26646505,127.6392117,2025-12-16,
모범음식점,보건행정과,여주축산농협한우프라자,오학동,경기도 여주시 강변북로 50,경기도 여주시 오학동 359-1,031-886-1592,,37.3020351,127.6459888,2025-12-16,
모범음식점,보건행정과,"여주휴게소(서창휴게소) 한,양식전문점",가남읍,경기도 여주시 가남읍 화평길 116,경기도 여주시 가남읍 오산리 37-3,031-882-2900,,37.23980814,127.5679863,2025-12-16,
모범음식점,보건행정과,오송가든,중앙동,경기도 여주시 웅골로 332,경기도 여주시 가업동 55,031-885-5289,,37.27613535,127.6158856,2025-12-16,
모범음식점,보건행정과,우륵갈비,금사면,경기도 여주시 금사면 이여로 1290,경기도 여주시 금사면 이포리 268-6,031-881-6648,,37.39136015,127.5324056,2025-12-16,
모범음식점,보건행정과,우미골맛집,여흥동,경기도 여주시 삼교1길 13,경기도 여주시 삼교동 469-4,031-883-1283,,37.24069897,127.6518875,2025-12-16,
모범음식점,보건행정과,우정옥,오학동,경기도 여주시 여양로233번길 5-34,경기도 여주시 천송동 589-3,031-884-2200,,37.30250481,127.6478653,2025-12-16,
모범음식점,보건행정과,응암본가,가남읍,경기도 여주시 가남읍 경충대로 1538,경기도 여주시 가남읍 신해리 598,031-883-7047,,37.21913161,127.529361,2025-12-16,
모범음식점,보건행정과,이가국수,오학동,경기도 여주시 여양로 335-6,경기도 여주시 오학동 272-3,031-881-4839,,37.31190704,127.6445992,2025-12-16,
모범음식점,보건행정과,자연아래 버섯요리전문점,강천면,경기도 여주시 강천면 강문로 926,경기도 여주시 강천면 부평리 404-4,031-886-5083,,37.2743704,127.7322695,2025-12-16,
모범음식점,보건행정과,재상막국수,여흥동,경기도 여주시 칠산길 3,경기도 여주시 상동 106,031-884-3826,,37.29202976,127.6445235,2025-12-16,
모범음식점,보건행정과,조선옥,강천면,경기도 여주시 강천면 강문로 580,경기도 여주시 강천면 간매리 310,031-883-3938,,37.27295739,127.7120082,2025-12-16,
모범음식점,보건행정과,주문진 해신탕,중앙동,경기도 여주시 세종로237번길 3,경기도 여주시 교동 15,031-883-9807,,37.27744308,127.6386399,2025-12-16,
모범음식점,보건행정과,주식회사홍원막국수,대신면,경기도 여주시 대신면 천서리길 12,경기도 여주시 대신면 천서리 605-2,031-882-8259,,37.40258381,127.5472199,2025-12-16,
모범음식점,보건행정과,천서리막국수 본점,대신면,경기도 여주시 대신면 여양로 1974,경기도 여주시 대신면 천서리 606-8,031-883-9799,,37.40259187,127.5465091,2025-12-16,
모범음식점,보건행정과,한양관,오학동,경기도 여주시 신륵로 163,경기도 여주시 천송동 57-3,031-886-7002,,37.30295743,127.667366,2025-12-16,
모범음식점,보건행정과,홍원막국수 여주점,오학동,경기도 여주시 여양로 408,경기도 여주시 오학동 85-4,031-883-1500,,37.31735767,127.6473063,2025-12-16,
모범음식점,보건행정과,화림가든,점동면,경기도 여주시 점동면 청안로 178,경기도 여주시 점동면 청안리 166-11,031-884-5689,,37.20981752,127.6646004,2025-12-16,
모범음식점,보건행정과,황제능이 버섯백숙,오학동,경기도 여주시 여양로 428,경기도 여주시 오학동 85-16,031-881-5285,,37.31858708,127.6485949,2025-12-16,
모범음식점,보건행정과,황토방한정식,가남읍,경기도 여주시 가남읍 흑석로 21,경기도 여주시 가남읍 심석리 130,031-883-5935,,37.19432298,127.5592889,2025-12-16,
무인민원발급기,행복민원과,가남읍행정복지센터,가남읍,경기도 여주시 가남읍 태평중앙1길 20,경기도 여주시 가남읍 태평리 138-8,031-887-3344,,37.2015871,127.5452364,2025-12-16,
무인민원발급기,행복민원과,강천면행정복지센터,강천면,경기도 여주시 강천면 긴등길 5,경기도 여주시 강천면 간매리 311-2,031-887-3993,,37.27294401,127.7114389,2025-12-16,
무인민원발급기,행복민원과,금사면행정복지센터,금사면,경기도 여주시 금사면 이포로 27,경기도 여주시 금사면 이포리 197-3,031-887-3892,,37.39239463,127.5333393,2025-12-16,
무인민원발급기,행복민원과,대신면행정복지센터,대신면,경기도 여주시 대신면 여양로 1456-10,경기도 여주시 대신면 율촌리 390,031-887-3942,,37.37495359,127.5864143,2025-12-16,
무인민원발급기,행복민원과,북내면행정복지센터,북내면,경기도 여주시 북내면 여양2로 301,경기도 여주시 북내면 당우리 165-5,031-887-3962,,37.32918588,127.6789077,2025-12-16,
무인민원발급기,행복민원과,산북면행정복지센터,산북면,경기도 여주시 산북면 상품로 93,경기도 여주시 산북면 상품리 121,031-887-3923,,37.40162196,127.4430645,2025-12-16,
무인민원발급기,행복민원과,세종대왕면행정복지센터,세종대왕면,경기도 여주시 세종대왕면 번도1길 2-9,경기도 여주시 세종대왕면 번도리 502-3,031-887-3862,,37.30016178,127.5733393,2025-12-16,
무인민원발급기,행복민원과,수원지방법원 여주지원,오학동,경기도 여주시 현암로 21-12,경기도 여주시 현암동 640-10,031-887-2135,,37.31365704,127.6340522,2025-12-16,
무인민원발급기,행복민원과,여주시청,여흥동,경기도 여주시 세종로 1,경기도 여주시 홍문동 4,031-887-2135,,37.29813432,127.6371142,2025-12-16,
무인민원발급기,행복민원과,여흥동행정복지센터,여흥동,경기도 여주시 여흥로 148,경기도 여주시 상동 285-2,031-887-3785,,37.29504772,127.6397499,2025-12-16,
무인민원발급기,행복민원과,오학동행정복지센터,오학동,경기도 여주시 여양로 313,경기도 여주시 오학동 254-1,031-887-3469,,37.30966438,127.6443288,2025-12-16,
무인민원발급기,행복민원과,이마트 여주점,여흥동,경기도 여주시 세종로 151,경기도 여주시 홍문동 401,031-887-2135,,37.28452839,127.6355567,2025-12-16,
무인민원발급기,행복민원과,점동면행정복지센터,점동면,경기도 여주시 점동면 청안2길 20,경기도 여주시 점동면 청안리 660-1,031-887-3822,,37.20464852,127.6574064,2025-12-16,
무인민원발급기,행복민원과,중앙동행정복지센터,중앙동,경기도 여주시 여흥로11번길 26,경기도 여주시 하동 134-11,031-887-3448,,37.29860954,127.629088,2025-12-16,
무인민원발급기,행복민원과,차량등록사무소,여흥동,경기도 여주시 청심로 190,경기도 여주시 상동 276,031-887-2135,,37.29624128,127.6406397,2025-12-16,
무인민원발급기,행복민원과,흥천면행정복지센터,흥천면,경기도 여주시 흥천면 효자로 154,경기도 여주시 흥천면 효지리 376-6,031-887-3882,,37.33304464,127.5415086,2025-12-16,
문화재,문화예술과,강한사,중앙동,경기도 여주시 청심로 113,경기도 여주시 하동 394-16,031-887-3563,,37.29953523,127.6333154,2025-12-16,도지정
문화재,문화예술과,구곡사 석불입상,중앙동,경기도 여주시 웅골로 161-63,경기도 여주시 가업동 155-24,031-887-3563,,37.2610988,127.6223511,2025-12-16,시지정
문화재,문화예술과,구암 한백겸묘 및 신도비,강천면,경기도 여주시 강천면 가마섬길 43,경기도 여주시 강천면 부평리 산 1,031-887-3563,,37.26396577,127.754368,2025-12-16,도지정
문화재,문화예술과,기천서원지,금사면,경기도 여주시 금사면 뒷머리길 11,경기도 여주시 금사면 이포리 259-3,031-887-3563,,37.39248383,127.5294696,2025-12-16,도지정
문화재,문화예술과,길수익 효자비,세종대왕면,경기도 여주시 세종대왕면 왕터1길 50-2,경기도 여주시 세종대왕면 왕대리 200-1,031-887-3563,,37.32272812,127.6022876,2025-12-16,시지정
문화재,문화예술과,단종 어수정,대신면,,경기도 여주시 대신면 상구리 92-1,031-887-3563,,37.38663167,127.6445377,2025-12-16,시지정
문화재,문화예술과,대로사비,중앙동,경기도 여주시 청심로 113,경기도 여주시 하동 394-16,031-887-3563,,37.29953523,127.6333154,2025-12-16,도지정
문화재,문화예술과,대방광불화엄경 정원본 권24 ,강천면,경기도 여주시 강천면 이문안길 21,경기도 여주시 강천면 이호리 414-2,031-887-3563,,37.28855027,127.6881229,2025-12-16,국가지정
문화재,문화예술과,마암,여흥동,경기도 여주시 주내로 13,경기도 여주시 상동 132,031-887-3563,,37.29441991,127.6476579,2025-12-16,시지정
문화재,문화예술과,매산서원,세종대왕면,경기도 여주시 세종대왕면 능서로 94-8,경기도 여주시 세종대왕면 번도리 321-4,031-887-3563,,37.30636145,127.5767072,2025-12-16,시지정
문화재,문화예술과,명성황후 생가 ,여흥동,경기도 여주시 명성로 71,경기도 여주시 능현동 264,031-887-3563,,37.25967518,127.6554281,2025-12-16,도지정
문화재,문화예술과,명성황후 탄강구리비,여흥동,경기도 여주시 명성로 71,경기도 여주시 능현동 264,031-887-3563,,37.25967518,127.6554281,2025-12-16,도지정
문화재,문화예술과,목조각장 박찬수,강천면,경기도 여주시 강천면 이문안길 21,경기도 여주시 강천면 이호리 414-2,031-887-3563,,37.28855027,127.6881229,2025-12-16,국가지정
문화재,문화예술과,묘법연화경 권1 ,강천면,경기도 여주시 강천면 이문안길 21,경기도 여주시 강천면 이호리 414-2,031-887-3563,,37.28855027,127.6881229,2025-12-16,국가지정
문화재,문화예술과,민유중 선생묘,여흥동,,경기도 여주시 능현동 산 26-23,031-887-3563,,37.26057078,127.6546854,2025-12-16,시지정
문화재,문화예술과,민정중 선생묘,여흥동,,경기도 여주시 상거동 산 21-8,031-887-3563,,37.24014186,127.6353943,2025-12-16,시지정
문화재,문화예술과,민진장 묘역,점동면,,경기도 여주시 점동면 부구리 산 8-4,031-887-3563,,37.19490074,127.6710268,2025-12-16,도지정
문화재,문화예술과,민진후 선생묘,가남읍,,경기도 여주시 가남읍 안금리 120-6,031-887-3563,,37.22791197,127.6074541,2025-12-16,시지정
문화재,문화예술과,박준원 신도비,중앙동,,경기도 여주시 가업동 산 7-48,031-887-3563,,37.278178,127.617343,2025-12-16,시지정
문화재,문화예술과,백로·왜가리 번식지,북내면,,경기도 여주시 북내면 신접리 285,031-887-3563,,37.32555776,127.6869191,2025-12-16,국가지정
문화재,문화예술과,법집별행록절요 병입사기,여흥동,경기도 여주시 신단2길 132,경기도 여주시 단현동 258,031-887-3563,,37.26480146,127.6705239,2025-12-16,도지정
문화재,문화예술과,사기장 한상구,오학동,경기도 여주시 오금1길 38,경기도 여주시 오금동 188-3,031-887-3563,,37.33616049,127.6494044,2025-12-16,도지정
문화재,문화예술과,상주의용소방대 소방차,대신면,경기도 여주시 대신면 대신1로 244,경기도 여주시 대신면 옥촌리 979-4,031-887-3563,,37.39388335,127.608072,2025-12-16,국가등록
문화재,문화예술과,서희 장군묘,산북면,,경기도 여주시 산북면 후리 산 53-1,031-887-3563,,37.399059,127.452769,2025-12-16,도지정
문화재,문화예술과,송암 이충원 영정,산북면,경기도 여주시 산북면 백자2길 7-4,경기도 여주시 산북면 백자리 243,031-887-3563,,37.41931656,127.454539,2025-12-16,도지정
문화재,문화예술과,송준길 등 서첩,여흥동,경기도 여주시 신단2길 132,경기도 여주시 단현동 258,031-887-3563,,37.26480146,127.6705239,2025-12-16,도지정
문화재,문화예술과,신륵사 극락보전,오학동,경기도 여주시 신륵사길 73,경기도 여주시 천송동 298-25,031-887-3563,,37.2974162,127.6599501,2025-12-16,도지정
문화재,문화예술과,신접리 고인돌,오학동,,경기도 여주시 천송동 297-20,031-887-3563,,37.29838144,127.656645,2025-12-16,시지정
문화재,문화예술과,신진 퍼블리카,대신면,경기도 여주시 대신면 대신1로 244,경기도 여주시 대신면 옥촌리 979-4,031-887-3563,,37.39388335,127.608072,2025-12-16,국가등록
문화재,문화예술과,여산송씨 족보,가남읍,경기도 여주시 가남읍 경충대로 1028,경기도 여주시 가남읍 심석리 69-6,031-887-3563,,37.18685038,127.5693698,2025-12-16,도지정
문화재,문화예술과,여주 경수연도,강천면,경기도 여주시 강천면 운무실길 21,경기도 여주시 강천면 부평리 186-1,031-887-3563,,37.28612054,127.7371553,2025-12-16,도지정
문화재,문화예술과,여주 계신리 마애여래입상,흥천면,,경기도 여주시 흥천면 계신리 559,031-887-3563,,37.37838252,127.5429257,2025-12-16,도지정
문화재,문화예술과,여주 고달사지,북내면,,경기도 여주시 북내면 상교리 411-1,031-887-3563,,37.39377521,127.6525112,2025-12-16,국가지정
문화재,문화예술과,여주 고달사지 석조,북내면,,경기도 여주시 북내면 상교리 411-1,031-887-3563,,37.39377521,127.6525112,2025-12-16,도지정
문화재,문화예술과,여주 고달사지 석조대좌,북내면,,경기도 여주시 북내면 상교리 420-5,031-887-3563,,37.3929091,127.6543152,2025-12-16,국가지정
문화재,문화예술과,여주 고달사지 승탑,북내면,,경기도 여주시 북내면 상교리 411-1,031-887-3563,,37.39377521,127.6525112,2025-12-16,국가지정
문화재,문화예술과,여주 고달사지 원종대사탑,북내면,,경기도 여주시 북내면 상교리 412-1,031-887-3563,,37.39462831,127.6522468,2025-12-16,국가지정
문화재,문화예술과,여주 고달사지 원종대사탑비,북내면,,경기도 여주시 북내면 상교리 419-3,031-887-3563,,37.39272016,127.6540351,2025-12-16,국가지정
문화재,문화예술과,여주 도곡리 석불좌상,금사면,,경기도 여주시 금사면 도곡리 산 7,031-887-3563,,37.3859283,127.5119581,2025-12-16,도지정
문화재,문화예술과,여주 매룡리고분군,여흥동,경기도 여주시 주내로 98-102,경기도 여주시 매룡동 산 1-1,031-887-3563,,37.28827179,127.6551549,2025-12-16,도지정
문화재,문화예술과,여주 보통리 고택,대신면,경기도 여주시 대신면 보통1길 98,경기도 여주시 대신면 보통리 190-2,031-887-3563,,37.37505421,127.5725299,2025-12-16,국가지정
문화재,문화예술과,여주 보통리 해시계,대신면,경기도 여주시 대신면 보통1길 98,경기도 여주시 대신면 보통리 190-2,031-887-3563,,37.37505421,127.5725299,2025-12-16,도지정
문화재,문화예술과,여주 상교리 고려석실묘,북내면,,경기도 여주시 북내면 상교리 412-1,031-887-3563,,37.3946714,127.6520991,2025-12-16,도지정
문화재,문화예술과,여주 석우리 선돌,북내면,,경기도 여주시 북내면 석우리 253,031-887-3563,,37.38208609,127.682478,2025-12-16,도지정
문화재,문화예술과,여주 신륵사 건륭삼십팔년명 동종,오학동,경기도 여주시 신륵사길 73,경기도 여주시 천송동 298-25,031-887-3563,,37.2974162,127.6599501,2025-12-16,도지정
문화재,문화예술과,여주 신륵사 극락보전 삼장보살도 ,오학동,경기도 여주시 신륵사길 73,경기도 여주시 천송동 298-25,031-887-3563,,37.2974162,127.6599501,2025-12-16,도지정
문화재,문화예술과,여주 신륵사 다층석탑,오학동,경기도 여주시 신륵사길 73,경기도 여주시 천송동 298-25,031-887-3563,,37.2974162,127.6599501,2025-12-16,국가지정
문화재,문화예술과,여주 신륵사 다층전탑,오학동,경기도 여주시 신륵사길 73,경기도 여주시 천송동 298-25,031-887-3563,,37.2974162,127.6599501,2025-12-16,국가지정
문화재,문화예술과,여주 신륵사 대장각기비,오학동,경기도 여주시 신륵사길 73,경기도 여주시 천송동 298-25,031-887-3563,,37.2974162,127.6599501,2025-12-16,국가지정
문화재,문화예술과,여주 신륵사 목조아미타여래삼존상,오학동,경기도 여주시 신륵사길 73,경기도 여주시 천송동 298-25,031-887-3563,,37.2974162,127.6599501,2025-12-16,국가지정
문화재,문화예술과,여주 신륵사 보제존자석종,오학동,경기도 여주시 신륵사길 73,경기도 여주시 천송동 298-25,031-887-3563,,37.2974162,127.6599501,2025-12-16,국가지정
문화재,문화예술과,여주 신륵사 보제존자석종 앞 석등,오학동,경기도 여주시 신륵사길 73,경기도 여주시 천송동 298-25,031-887-3563,,37.2974162,127.6599501,2025-12-16,국가지정
문화재,문화예술과,여주 신륵사 보제존자석종비,오학동,경기도 여주시 신륵사길 73,경기도 여주시 천송동 298-25,031-887-3563,,37.2974162,127.6599501,2025-12-16,국가지정
문화재,문화예술과,여주 신륵사 삼층석탑,오학동,경기도 여주시 신륵사길 73,경기도 여주시 천송동 298-25,031-887-3563,,37.2974162,127.6599501,2025-12-16,도지정
문화재,문화예술과,여주 신륵사 삼화상진영,오학동,경기도 여주시 신륵사길 73,경기도 여주시 천송동 298-25,031-887-3563,,37.2974162,127.6599501,2025-12-16,도지정
문화재,문화예술과,여주 신륵사 원구형석조부도,오학동,경기도 여주시 신륵사길 73,경기도 여주시 천송동 298-25,031-887-3563,,37.2974162,127.6599501,2025-12-16,도지정
문화재,문화예술과,여주 신륵사 조사당 ,오학동,경기도 여주시 신륵사길 73,경기도 여주시 천송동 298-25,031-887-3563,,37.2974162,127.6599501,2025-12-16,국가지정
문화재,문화예술과,여주 신륵사팔각원당형석조부도,오학동,경기도 여주시 신륵사길 73,경기도 여주시 천송동 298-25,031-887-3563,,37.2974162,127.6599501,2025-12-16,도지정
문화재,문화예술과,여주 영릉(英陵)과 영릉(寧陵),세종대왕면,경기도 여주시 세종대왕면 새능길 14,경기도 여주시 세종대왕면 왕대리 901-1,031-887-3563,,37.31202334,127.6137799,2025-12-16,국가지정
문화재,문화예술과,여주 이포리 옹기가마,금사면,경기도 여주시 금사면 이여로 1213-12,경기도 여주시 금사면 궁리 산 2,031-887-3563,,37.38632446,127.5268379,2025-12-16,도지정
문화재,문화예술과,여주 장흥리 변씨고택,금사면,경기도 여주시 금사면 장흥로 339,경기도 여주시 금사면 장흥리 62,031-887-3563,,37.39164112,127.4886998,2025-12-16,도지정
문화재,문화예술과,여주 창리 삼층석탑,여흥동,경기도 여주시 주내로 13,경기도 여주시 상동 132,031-887-3563,,37.29441991,127.6476579,2025-12-16,국가지정
문화재,문화예술과,여주 처리 선돌,점동면,,경기도 여주시 점동면 처리 산 88-6,031-887-3563,,37.22244947,127.6648888,2025-12-16,도지정
문화재,문화예술과,여주 파사성,대신면,,경기도 여주시 대신면 천서리 산 9,031-887-3563,,37.41040323,127.5488199,2025-12-16,국가지정
문화재,문화예술과,여주 하리 삼층석탑,여흥동,경기도 여주시 주내로 13,경기도 여주시 상동 132,031-887-3563,,37.29441991,127.6476579,2025-12-16,국가지정
문화재,문화예술과,여주 해평윤씨동강공파종택,점동면,경기도 여주시 점동면 모래실2길 7,경기도 여주시 점동면 사곡리 179-3,031-887-3563,,37.20286583,127.6872353,2025-12-16,도지정
문화재,문화예술과,여주 효종 영릉재실,세종대왕면,경기도 여주시 세종대왕면 새능길 14,경기도 여주시 세종대왕면 왕대리 901-1,031-887-3563,,37.31202334,127.6137799,2025-12-16,국가지정
문화재,문화예술과,여주 효종대왕릉(영릉) 회양목,세종대왕면,경기도 여주시 세종대왕면 영릉로 327,경기도 여주시 세종대왕면 왕대리 907-4,031-887-3563,,37.3112712,127.6100097,2025-12-16,국가지정
문화재,문화예술과,여주 흔암리 선사유적,점동면,,경기도 여주시 점동면 흔암리 134-21,031-887-3563,,37.241131,127.6799339,2025-12-16,도지정
문화재,문화예술과,여주향교,중앙동,경기도 여주시 향교1길 28,경기도 여주시 교동 261-1,031-887-3563,,37.28934656,127.6281575,2025-12-16,도지정
문화재,문화예술과,영월루,여흥동,경기도 여주시 주내로 13,경기도 여주시 상동 132,031-887-3563,,37.29441991,127.6476579,2025-12-16,도지정
문화재,문화예술과,예념미타도량참법 권6～10,강천면,경기도 여주시 강천면 이문안길 21,경기도 여주시 강천면 이호리 414-2,031-887-3563,,37.28855027,127.6881229,2025-12-16,국가지정
문화재,문화예술과,옹기장 ,금사면,경기도 여주시 금사면 이여로 1213-12,경기도 여주시 금사면 궁리 산 2,031-887-3563,,37.38632446,127.5268379,2025-12-16,도지정
문화재,문화예술과,옹기장 김일만,금사면,경기도 여주시 금사면 이여로 1213-12,경기도 여주시 금사면 궁리 산 2,031-887-3563,,37.38632446,127.5268379,2025-12-16,국가지정
문화재,문화예술과,완양부원군 이충원 묘,산북면,,경기도 여주시 산북면 백자리 147-1,031-887-3563,,37.4167997,127.4551792,2025-12-16,시지정
문화재,문화예술과,원유남 선생묘,북내면,경기도 여주시 북내면 여강로 608,경기도 여주시 북내면 장암리 348-1,031-887-3563,,37.35018693,127.6845324,2025-12-16,시지정
문화재,문화예술과,원호·원두표 묘역,북내면,경기도 여주시 북내면 신라그린길 84,경기도 여주시 북내면 장암리 산 1-1,031-887-3563,,37.35810073,127.6918961,2025-12-16,도지정
문화재,문화예술과,윤승길 초상 및 함 일괄,오학동,경기도 여주시 신륵사길 6-12,경기도 여주시 천송동 588-6,031-887-3563,,37.29965313,127.6533791,2025-12-16,도지정
문화재,문화예술과,의병장 이인영 생가,북내면,경기도 여주시 북내면 상교1길 119-16,경기도 여주시 북내면 상교리 37-6,031-887-3563,,37.3832621,127.6672362,2025-12-16,시지정
문화재,문화예술과,이계전 묘,점동면,경기도 여주시 점동면 가래울길 9-6,경기도 여주시 점동면 사곡리 산 18-1,031-887-3563,,37.20640096,127.673838,2025-12-16,시지정
문화재,문화예술과,이완 장군묘,여흥동,,경기도 여주시 상거동 산 19-18,031-887-3563,,37.24134623,127.6290626,2025-12-16,도지정
문화재,문화예술과,인재 홍진 영정,대신면,경기도 여주시 대신면 계림동길 6-19,경기도 여주시 대신면 계림리 318-2,031-887-3563,,37.40797666,127.5927583,2025-12-16,도지정
문화재,문화예술과,임원준 선생묘,여흥동,,경기도 여주시 능현동 산 25-5,031-887-3563,,37.26296702,127.6570582,2025-12-16,시지정
문화재,문화예술과,임은 이민곤 영정,흥천면,경기도 여주시 흥천면 임은길 37,경기도 여주시 흥천면 복대리 363,031-887-3563,,37.36261739,127.5263734,2025-12-16,도지정
문화재,문화예술과,입암,세종대왕면,경기도 여주시 세종대왕면 영릉로 314,경기도 여주시 세종대왕면 왕대리 922-17,031-887-3563,,37.30913202,127.6160569,2025-12-16,시지정
문화재,문화예술과,정대년 신도비,점동면,경기도 여주시 점동면 장여로 561,경기도 여주시 점동면 원부리 205-3,031-887-3563,,37.16500312,127.6377178,2025-12-16,도지정
문화재,문화예술과,제간공 권규묘역,점동면,,경기도 여주시 점동면 덕평리 산 9-1,031-887-3563,,37.18345385,127.6497029,2025-12-16,도지정
문화재,문화예술과,주어사지,산북면,,경기도 여주시 산북면 주어리 산 106,031-887-3563,,37.4159658,127.4042821,2025-12-16,시지정
문화재,문화예술과,죽서 원몽린 묘역,대신면,,경기도 여주시 대신면 상구리 산 11-110,031-887-3563,,37.37959777,127.6440162,2025-12-16,도지정
문화재,문화예술과,충희공 이인손 묘,세종대왕면,경기도 여주시 세종대왕면 능서공원길 156-26,경기도 여주시 세종대왕면 신지리 237-1,031-887-3563,,37.29414783,127.583814,2025-12-16,시지정
문화재,문화예술과,포초골 미륵좌불,금사면,경기도 여주시 금사면 발림길 89-47,경기도 여주시 금사면 외평리 453,031-887-3563,,37.390815,127.5116375,2025-12-16,도지정
문화재,문화예술과,해월 최시형선생묘,금사면,경기도 여주시 금사면 안산길 236-47,경기도 여주시 금사면 주록리 산 138,031-887-3563,,37.36263688,127.4513053,2025-12-16,도지정
문화재,문화예술과,현대자동차 포니1,대신면,경기도 여주시 대신면 대신1로 244,경기도 여주시 대신면 옥촌리 979-4,031-887-3563,,37.39388335,127.608072,2025-12-16,국가등록
문화재,문화예술과,홍영식 선생묘,흥천면,,경기도 여주시 흥천면 문장리 산 82,031-887-3563,,37.36218889,127.5019117,2025-12-16,시지정
민박,농업정책과,MOON river,강천면,경기도 여주시 강천면 신대촌길 7-81,경기도 여주시 강천면 적금리 583-7,,,37.25155746,127.6887616,2025-12-16,
민박,농업정책과,가나다 게스트 하우스,강천면,경기도 여주시 강천면 강문로 374,경기도 여주시 강천면 이호리 124-6,0507-1414-3677,,37.28433794,127.6958693,2025-12-16,
민박,농업정책과,가든. 자연 담다,흥천면,경기도 여주시 금사면 금사로 475-11,경기도 여주시 흥천면 외사리 334-10,,,37.3477517,127.4927519,2025-12-16,
민박,농업정책과,계곡민박,산북면,경기도 여주시 산북면 주어1길 35-60,경기도 여주시 산북면 주어리 525-5,031-885-9996,,37.41560192,127.424246,2025-12-16,
민박,농업정책과,고래산민박,북내면,경기도 여주시 북내면 상교3길 147,경기도 여주시 북내면 상교리 384-12,0507-1426-8373,,37.4031357,127.6543032,2025-12-16,
민박,농업정책과,그리고 휴식,산북면,경기도 여주시 산북면 주어1길 24,경기도 여주시 산북면 주어리 472-3,,,37.41252543,127.4289097,2025-12-16,
민박,농업정책과,그린펜션,금사면,경기도 여주시 금사면 아랫가마실길 89,경기도 여주시 금사면 도곡리 24-1,031-884-1862,http://www.yjgreen.kr/,37.38399164,127.5118001,2025-12-16,
민박,농업정책과,금모래,여흥동,경기도 여주시 강변유원지길 119,경기도 여주시 연양동 310-7,0507-1348-9350,,37.29232302,127.6687902,2025-12-16,
민박,농업정책과,까망,금사면,경기도 여주시 금사면 안산길 89,경기도 여주시 금사면 주록리 152-4,,,37.36765499,127.4698681,2025-12-16,
민박,농업정책과,남한강변 힐링농원,점동면,경기도 여주시 점동면 삼합리길 316,경기도 여주시 점동면 삼합리 31,,,37.21598585,127.7433212,2025-12-16,
민박,농업정책과,노루목민박,금사면,경기도 여주시 금사면 장흥로 11,경기도 여주시 금사면 주록리 36-4,0507-1323-8203,,37.37610603,127.4736989,2025-12-16,
민박,농업정책과,노루목향기,금사면,경기도 여주시 금사면 노루목길 44,경기도 여주시 금사면 주록리 84-6,,,37.38179694,127.4640166,2025-12-16,
민박,농업정책과,느티나무민박,금사면,경기도 여주시 금사면 외평2길 19,경기도 여주시 금사면 외평리 197-8,031-882-9996,,37.41319649,127.5299816,2025-12-16,
민박,농업정책과,느티나무집,대신면,경기도 여주시 대신면 당남1길 97,경기도 여주시 대신면 당남리 12-4,,,37.39325844,127.565565,2025-12-16,
민박,농업정책과,늘도 민박(펜션),금사면,경기도 여주시 금사면 금사로 468,경기도 여주시 금사면 전북리 49,0507-1314-5226,,37.43078543,127.5203828,2025-12-16,
민박,농업정책과,다리원,북내면,경기도 여주시 북내면 운촌2길 110-14,경기도 여주시 북내면 운촌리 241-5,,,37.32052813,127.7174196,2025-12-16,
민박,농업정책과,달빛 정원,여흥동,경기도 여주시 신단1길 33-36,경기도 여주시 신진동 25-8,0570-1324-1976,,37.27992857,127.6758633,2025-12-16,
민박,농업정책과,대산계곡유원지펜션,금사면,경기도 여주시 금사면 안산길 135,경기도 여주시 금사면 주록리 171,031-883-7356,,37.36523408,127.4656215,2025-12-16,
민박,농업정책과,락페인팅 하우스,세종대왕면,경기도 여주시 세종대왕면 마래1길 20-8,경기도 여주시 세종대왕면 마래리 433-1,,,37.26399404,127.5581452,2025-12-16,
민박,농업정책과,로담,금사면,경기도 여주시 금사면 금사로 489,경기도 여주시 금사면 전북리 26-12,0507-1401-6594,http://rodam.kr/,37.43151982,127.5179533,2025-12-16,
민박,농업정책과,루돌프황토민박,금사면,경기도 여주시 금사면 금품2로 483,경기도 여주시 금사면 주록리 44-4,0507-1493-6005,https://ldf.modoo.at,37.37621376,127.4728512,2025-12-16,
민박,농업정책과,매실향기,금사면,경기도 여주시 금사면 아랫가마실길 134,경기도 여주시 금사면 도곡리 14,,,37.38655166,127.5084022,2025-12-16,
민박,농업정책과,미드미,금사면,경기도 여주시 금사면 금품2로 761-30,경기도 여주시 금사면 도곡리 513-1,,http://www.midmipension.com/,37.38269817,127.4949434,2025-12-16,
민박,농업정책과,별장 아르꼬,산북면,경기도 여주시 산북면 주어로 206-2,경기도 여주시 산북면 주어리 370-7,,,37.41649778,127.4271286,2025-12-16,
민박,농업정책과,별장 하몽,산북면,경기도 여주시 산북면 주어로 206-4,경기도 여주시 산북면 주어리 371,,http://page.yapen.co.kr/27291,37.41663641,127.4271867,2025-12-16,
민박,농업정책과,브릭빌리지,점동면,경기도 여주시 점동면 장여로 987-11,경기도 여주시 점동면 덕평리 29-1,,https://brick00.modoo.at/,37.18648254,127.6590288,2025-12-16,
민박,농업정책과,사랑별키즈풀,가남읍,경기도 여주시 가남읍 심석1길 59-7,경기도 여주시 가남읍 심석리 236-4,0507-1460-1381,https://lovestarkids.co.kr,37.20369668,127.5597296,2025-12-16,
민박,농업정책과,산새랑 게스트하우스,강천면,경기도 여주시 강천면 강문로 652-2,경기도 여주시 강천면 간매리 486-1,0507-1313-2117,,37.2667507,127.7144761,2025-12-16,
민박,농업정책과,소풍,금사면,경기도 여주시 금사면 금사로 475-11,경기도 여주시 금사면 전북리 36-1,0507-1448-1026,https://sopoong1020.modoo.at,37.43035307,127.5192196,2025-12-16,
민박,농업정책과,숲속민박,금사면,경기도 여주시 금사면 금품2로 870-102,경기도 여주시 금사면 도곡리 134,031-881-5778,,37.37003339,127.5032712,2025-12-16,
민박,농업정책과,숲속풍경,금사면,경기도 여주시 금사면 아랫가마실길 89-1,경기도 여주시 금사면 도곡리 24-2,031-883-4667,http://www.supsok.kr/,37.38405351,127.5112654,2025-12-16,
민박,농업정책과,숲을 그리다,북내면,경기도 여주시 북내면 상교3길 56-37,경기도 여주시 북내면 상교리 산 24-2,0507-1324-5919,https://forestsketch.modoo.at/,37.40047703,127.6592155,2025-12-16,
민박,농업정책과,스테이 카마,강천면,경기도 여주시 강천면 닷둔리길 66-3,경기도 여주시 강천면 강천리 122-14,0507-1320-4906,,37.23682282,127.7326668,2025-12-16,
민박,농업정책과,아르보르펜션,금사면,경기도 여주시 금사면 금사로 475-41,경기도 여주시 금사면 전북리 78-4,0507-1498-1193,,37.4282228,127.5165859,2025-12-16,
민박,농업정책과,아이프스테이,강천면,경기도 여주시 강천면 원심동2길 67,경기도 여주시 강천면 도전리 435,,,37.35334685,127.7477695,2025-12-16,
민박,농업정책과,약수터민박,금사면,경기도 여주시 금사면 금품2로 690,경기도 여주시 금사면 도곡리 528-7,,,37.38044125,127.4895238,2025-12-16,
민박,농업정책과,여유당,강천면,경기도 여주시 강천면 원양1로 822,경기도 여주시 강천면 도전리 655-1,,,37.34520127,127.7490241,2025-12-16,
민박,농업정책과,여유재,흥천면,경기도 여주시 흥천면 마차실길 35,경기도 여주시 흥천면 문장리 396-3,0507-1469-2066,,37.3658831,127.5041059,2025-12-16,
민박,농업정책과,여주보 펜션,대신면,경기도 여주시 대신면 천남1길 65-17,경기도 여주시 대신면 천남리 570-11,031-884-8725,,37.3274695,127.6166954,2025-12-16,
민박,농업정책과,여주쉼표,북내면,경기도 여주시 북내면 여양2로 917,경기도 여주시 북내면 내룡리 41-2,,,37.38145336,127.6748514,2025-12-16,
민박,농업정책과,여주연잎사랑펜션,오학동,경기도 여주시 신륵1길 51,경기도 여주시 천송동 342-15,0507-1360-1109,http://page.yapen.co.kr/45864,37.30490473,127.656636,2025-12-16,
민박,농업정책과,여주하늘정원,금사면,경기도 여주시 금사면 금품2로 870-98,경기도 여주시 금사면 도곡리 132,031-884-7668,,37.37021393,127.5041865,2025-12-16,
민박,농업정책과,연못이 있는 집,세종대왕면,경기도 여주시 세종대왕면 새능길 15,경기도 여주시 세종대왕면 왕대리 912-1,,,37.3118696,127.6128103,2025-12-16,
민박,농업정책과,올에이,강천면,경기도 여주시 강천면 가정긴골길 128-6,경기도 여주시 강천면 걸은리 355,,http://www.all-apv.co.kr/,37.30045973,127.6960206,2025-12-16,
민박,농업정책과,올에이그린,강천면,경기도 여주시 강천면 가정긴골길 128-8,경기도 여주시 강천면 걸은리 355-2,,,37.3002868,127.6960041,2025-12-16,
민박,농업정책과,올에이블루,강천면,경기도 여주시 강천면 가정긴골길 128-10,경기도 여주시 강천면 걸은리 355-6,,,37.3006049,127.6963531,2025-12-16,
민박,농업정책과,용담리70번지,산북면,경기도 여주시 산북면 광여로 1594-134,경기도 여주시 산북면 용담리 71,0507-1390-1077,,37.42789204,127.48287,2025-12-16,
민박,농업정책과,용담한옥,산북면,경기도 여주시 산북면 광여로 1540-81,경기도 여주시 산북면 용담리 276-14,,http://airbnb.com/h/yongdamhanok,37.41775589,127.4672792,2025-12-16,
민박,농업정책과,우두산민박,북내면,경기도 여주시 북내면 상교3길 147,경기도 여주시 북내면 상교리 384-12,,,37.4031357,127.6543032,2025-12-16,
민박,농업정책과,유니크펜션,금사면,경기도 여주시 금사면 금품2로 870-104,경기도 여주시 금사면 도곡리 130-1,,http://unique.pensionweb.kr/,37.36953588,127.5049986,2025-12-16,
민박,농업정책과,윤씨네별장,점동면,경기도 여주시 점동면 장여로 987-5,경기도 여주시 점동면 덕평리 29,,http://yoonscozy.com/,37.18653429,127.6593789,2025-12-16,
민박,농업정책과,이포보 강변,대신면,경기도 여주시 대신면 양촌로 196-24,경기도 여주시 대신면 양촌리 203-2,,http://이포보강변.com,37.37034477,127.5561814,2025-12-16,
민박,농업정책과,장봉뜰,대신면,경기도 여주시 대신면 장봉길 33,경기도 여주시 대신면 장풍리 132-8,,,37.38798504,127.6257801,2025-12-16,
민박,농업정책과,주록계곡민박,금사면,경기도 여주시 금사면 안산길 67,경기도 여주시 금사면 주록리 산 129-1,031-883-7356,,37.36937435,127.4713755,2025-12-16,
민박,농업정책과,주제하우스,북내면,경기도 여주시 북내면 행골길 5,경기도 여주시 북내면 장암리 228-13,0507-1354-7274,,37.334911,127.687062,2025-12-16,
민박,농업정책과,즐거운체험 팜스퀘어,금사면,경기도 여주시 금사면 금품1로 340,경기도 여주시 금사면 상호리 88,,,37.40481378,127.4718341,2025-12-16,
민박,농업정책과,청조원,대신면,경기도 여주시 대신면 현남길 111,경기도 여주시 대신면 천남리 625-8,031-881-4840,http://www.bluebirdpark.com,37.32367666,127.6183702,2025-12-16,
민박,농업정책과,청조원2,대신면,경기도 여주시 대신면 현남길 111,경기도 여주시 대신면 천남리 625-8,031-881-4840,http://www.bluebirdpark.com,37.32367666,127.6183702,2025-12-16,
민박,농업정책과,콩깍지민박,금사면,경기도 여주시 금사면 안산길 128,경기도 여주시 금사면 주록리 169,,,37.36564039,127.466618,2025-12-16,
민박,농업정책과,토리샘,점동면,경기도 여주시 점동면 어우실길 67,경기도 여주시 점동면 관한리 420,031-882-7428,https://saemgarden.modoo.at/,37.15205503,127.6585449,2025-12-16,
민박,농업정책과,트리베리관광농원,산북면,경기도 여주시 산북면 주어로 198,경기도 여주시 산북면 주어리 417-1,031-883-0153,,37.41555522,127.4271066,2025-12-16,
민박,농업정책과,푸른하늘은하수,금사면,경기도 여주시 금사면 금품2로 761-42,경기도 여주시 금사면 도곡리 515-1,031-882-5878,http://www.shinesky.net/,37.38385859,127.4949633,2025-12-16,
민박,농업정책과,풀하우스,금사면,경기도 여주시 금사면 안산길 80,경기도 여주시 금사면 주록리 산 111,,,37.36834091,127.4700791,2025-12-16,
민박,농업정책과,품실마루,산북면,경기도 여주시 산북면 양자산길 25-24,경기도 여주시 산북면 명품리 97-10,,http://pumsilmalu.com,37.41338958,127.4487447,2025-12-16,
민박,농업정책과,피오르숲빌리지,산북면,경기도 여주시 산북면 광여로 1115,경기도 여주시 산북면 상품리 산 91-1,,http://fiordvillage.com/default/,37.39889207,127.4313951,2025-12-16,
민박,농업정책과,하모니하우스,오학동,경기도 여주시 현남길 72-13,경기도 여주시 현암동 539-1,,https://oopsl.modoo.at/,37.32260395,127.622589,2025-12-16,
민박,농업정책과,한가로이민박,오학동,경기도 여주시 신륵1길 47,경기도 여주시 천송동 342-11,,https://hangaroi.modoo.at/,37.30503874,127.6557368,2025-12-16,
민박,농업정책과,홍계곡민박,산북면,경기도 여주시 산북면 주어로 335,경기도 여주시 산북면 주어리 620,,,37.42389531,127.4183983,2025-12-16,
민박,농업정책과,홍두께책방 북스테이,북내면,경기도 여주시 북내면 중암2길 49,경기도 여주시 북내면 중암리 357-2,0507-1417-8863,,37.357248,127.713665,2025-12-16,
민박,농업정책과,화이트하우스,가남읍,경기도 여주시 가남읍 흑석로 317,경기도 여주시 가남읍 양귀리 621,,http://page.yatravel.co.kr/19934,37.19898147,127.5869444,2025-12-16,
민박,농업정책과,황토집최근집,세종대왕면,경기도 여주시 세종대왕면 매양로 152-1,경기도 여주시 세종대왕면 양거리 570,,,37.2631264,127.5420378,2025-12-16,
민방위대피시설,시민안전과,e편한세상여주아파트 지하주차장 B1,오학동,경기도 여주시 도예로 83-60,경기도 여주시 현암동 684,031-887-3486,,37.31335024,127.6390438,2025-12-16,
민방위대피시설,시민안전과,굿모닝타워 지하주차장 B1,가남읍,경기도 여주시 가남읍 일신로 29,경기도 여주시 가남읍 태평리 268-9,031-887-3344,,37.21375156,127.5423346,2025-12-16,
민방위대피시설,시민안전과,대신농업협동조합 지하1층 다용도실,대신면,경기도 여주시 대신면 여양로 1459,경기도 여주시 대신면 율촌리 336,031-887-3955,,37.37392403,127.5863305,2025-12-16,
민방위대피시설,시민안전과,동원아파트 지하주차장 B1,여흥동,경기도 여주시 세종로 173-69,경기도 여주시 홍문동 353,031-887-3774,,37.28391472,127.6408674,2025-12-16,
민방위대피시설,시민안전과,라파엘의집 지하1층 다용도실,강천면,경기도 여주시 강천면 원양1로 907,경기도 여주시 강천면 도전리 535,031-887-3998,,37.34647642,127.7341418,2025-12-16,
민방위대피시설,시민안전과,부영아파트 지하주차장 B1,여흥동,경기도 여주시 세종로 394-10,경기도 여주시 점봉동 430-6,031-887-3774,,37.26360482,127.6390288,2025-12-16,
민방위대피시설,시민안전과,산북면행정복지센터 지하1층,산북면,경기도 여주시 산북면 상품로 93,경기도 여주시 산북면 상품리 121,031-887-3926,,37.40206306,127.442956,2025-12-16,
민방위대피시설,시민안전과,삼한강변아파트 지하주차장 B1,중앙동,경기도 여주시 청심로 67,경기도 여주시 하동 122-8,031-887-3413,,37.30055083,127.6284377,2025-12-16,
민방위대피시설,시민안전과,성일우리미아파트 지하주차장 B1~B2,오학동,경기도 여주시 학동2길 12,경기도 여주시 오학동 361,031-887-3486,,37.30365713,127.6446644,2025-12-16,
민방위대피시설,시민안전과,세광리치타운아파트 지하주차장 B1,가남읍,경기도 여주시 가남읍 경충대로 1162-20,경기도 여주시 가남읍 심석리 118,031-887-3344,,37.19704872,127.5542481,2025-12-16,
민방위대피시설,시민안전과,신도브래뉴아파트 지하주차장 B1,오학동,경기도 여주시 학동2길 12,경기도 여주시 오학동 361,031-887-3486,,37.30365713,127.6446644,2025-12-16,
민방위대피시설,시민안전과,여주교육청 지하1층 다용도실,여흥동,경기도 여주시 청심로 181,경기도 여주시 상동 201-29,031-887-3774,,37.29718659,127.6404216,2025-12-16,
민방위대피시설,시민안전과,여주시온의집 지하1층,북내면,경기도 여주시 북내면 서원2길 37,경기도 여주시 북내면 서원리 187,031-887-3485,,37.39913666,127.6972028,2025-12-16,
민방위대피시설,시민안전과,여주시청 지하1층 구내식당,여흥동,경기도 여주시 세종로 1,경기도 여주시 홍문동 4,031-887-2568,,37.29821379,127.6366244,2025-12-16,
민방위대피시설,시민안전과,여주오드카운티아파트 지하주차장 B1~B2,오학동,경기도 여주시 도예로 83-36,경기도 여주시 현암동 683-1,031-887-3487,,37.31254272,127.6423116,2025-12-16,
민방위대피시설,시민안전과,여주일성남한강콘도 지하주차장 B1~B3,오학동,경기도 여주시 신륵로 5,경기도 여주시 천송동 585-2,031-887-3486,,37.30126167,127.6507889,2025-12-16,
민방위대피시설,시민안전과,영무빌딩 지하주차장 B1,여흥동,경기도 여주시 세종로 10,경기도 여주시 홍문동 15-4,031-887-3774,,37.29718729,127.6367513,2025-12-16,
민방위대피시설,시민안전과,영진리버빌 지하주차장 B1,여흥동,경기도 여주시 강변유원지길 22-35,경기도 여주시 연양동 348-4,031-887-3774,,37.2891602,127.6605364,2025-12-16,
민방위대피시설,시민안전과,예일세띠앙 지하주차장 B1,중앙동,경기도 여주시 세종로 204-20,경기도 여주시 교동 127,031-887-3413,,37.28014494,127.6341561,2025-12-16,
민방위대피시설,시민안전과,우찬셀레스아파트 지하주차장 B1,세종대왕면,경기도 여주시 세종대왕면 마장로 90,경기도 여주시 세종대왕면 신지리 1184,031-887-3896,,37.29886553,127.57553,2025-12-16,
민방위대피시설,시민안전과,이안여주강변아파트 지하주차장 B1,오학동,경기도 여주시 도예로 40,경기도 여주시 현암동 195-1,031-887-3486,,37.30725262,127.6417184,2025-12-16,
민방위대피시설,시민안전과,이포권역행복센터 지하1층 다용도실,흥천면,경기도 여주시 흥천면 이여로 1278-2,경기도 여주시 흥천면 계신리 15,031-887-3908,,37.3883542,127.5345796,2025-12-16,
민방위대피시설,시민안전과,점동농업협동조합 지하1층 다용도실,점동면,경기도 여주시 점동면 청안리길 8,경기도 여주시 점동면 청안리 157-2,031-887-3827,,37.20713084,127.6615551,2025-12-16,
민방위대피시설,시민안전과,정광휴레나아파트 지하주차장 B1,여흥동,경기도 여주시 점곡길 10-3,경기도 여주시 멱곡동 376-8,031-887-3774,,37.24590898,127.6515791,2025-12-16,
민방위대피시설,시민안전과,중앙프라자 지하주차장 B1~B2,중앙동,경기도 여주시 세종로14번길 18,경기도 여주시 창동 68,031-887-3413,,37.29744578,127.6350937,2025-12-16,
민방위대피시설,시민안전과,하동 현대아파트 지하주차장 B1,중앙동,경기도 여주시 청심로 79,경기도 여주시 하동 123,031-887-3413,,37.30039247,127.6292436,2025-12-16,
민방위대피시설,시민안전과,한성아파트 지하주차장 B1,중앙동,경기도 여주시 우암로 190,경기도 여주시 월송동 127-9,031-887-3413,,37.28739119,127.6191922,2025-12-16,
민방위대피시설,시민안전과,현진에버빌 지하주차장 B1,가남읍,경기도 여주시 가남읍 경충대로 1472-19,경기도 여주시 가남읍 신해리 632,031-887-3344,,37.21657427,127.5348193,2025-12-16,
민방위대피시설,시민안전과,호반리젠시빌 지하주차장 B1,중앙동,경기도 여주시 세종로 254-16,경기도 여주시 교동 81-2,031-887-3413,,37.27436375,127.632714,2025-12-16,
민방위대피시설,시민안전과,홍문동 현대아파트 지하주차장 B1,여흥동,경기도 여주시 세종로 61,경기도 여주시 홍문동 181,031-887-3774,,37.29171905,127.6368229,2025-12-16,
민방위대피시설,시민안전과,흥천농업협동조합 지하1층 다용도실,흥천면,경기도 여주시 흥천면 효자로 150,경기도 여주시 흥천면 효지리 376-13,031-887-3888,,37.33286174,127.5420262,2025-12-16,
박물관,문화예술과,아트뮤지엄 려,중앙동,경기도 여주시 명품로 370,경기도 여주시 연라동 758,031-887-2630,https://www.yeoju.go.kr/ryeo,37.23800665,127.6078507,2025-12-16,
박물관,문화예술과,여주박물관,오학동,경기도 여주시 신륵사길 6-12,경기도 여주시 천송동 588-6,031-887-3583,https://www.yeoju.go.kr/museum,37.29965313,127.6533791,2025-12-16,
박물관,문화예술과,폰박물관,여흥동,경기도 여주시 강변유원지길 105,경기도 여주시 연양동 304-8,031-887-3548,https://phone.yeoju.go.kr/,37.29306214,127.666904,2025-12-16,
숙박업소,보건행정과,(주)자연촌 여주참숯마을,강천면,경기도 여주시 강천면 걸촌동길 40,경기도 여주시 강천면 이호리 65-6,031-886-1119,,37.28876306,127.6997936,2025-12-16,
숙박업소,보건행정과,Y모텔,여흥동,경기도 여주시 세종로 507,경기도 여주시 점봉동 313-1,031-884-2525,,37.25527519,127.6481776,2025-12-16,
숙박업소,보건행정과,ZaZa무인텔,가남읍,경기도 여주시 가남읍 일신로 100,경기도 여주시 가남읍 신해리 398-7,031-884-5854,,37.21904472,127.5456685,2025-12-16,
숙박업소,보건행정과,가든하임,북내면,경기도 여주시 북내면 운촌길 211-14,경기도 여주시 북내면 운촌리 114-6,031-880-8881,,37.33196153,127.725886,2025-12-16,
숙박업소,보건행정과,강,가남읍,경기도 여주시 가남읍 경충대로 1527-17,경기도 여주시 가남읍 신해리 609-6,031-883-5788,,37.21751576,127.5302303,2025-12-16,
숙박업소,보건행정과,강변모텔,중앙동,경기도 여주시 강변로 78,경기도 여주시 하동 204-2,031-885-6777,,37.29937395,127.6346102,2025-12-16,
숙박업소,보건행정과,갤럭시모텔,세종대왕면,경기도 여주시 세종대왕면 중부대로2703번길 10,경기도 여주시 세종대왕면 번도리 899-11,,,37.29869888,127.6046173,2025-12-16,
숙박업소,보건행정과,궁전파크,대신면,경기도 여주시 대신면 여양로 1559,경기도 여주시 대신면 보통리 97-3,031-884-4208,,37.37559997,127.5769766,2025-12-16,
숙박업소,보건행정과,그린모텔,강천면,경기도 여주시 강천면 강문로 195,경기도 여주시 강천면 이호리 351-12,031-885-4466,,37.29206685,127.6829308,2025-12-16,
숙박업소,보건행정과,그린장모텔,흥천면,경기도 여주시 흥천면 흥천로 870,경기도 여주시 흥천면 문장리 336,,,37.35877725,127.5138554,2025-12-16,
숙박업소,보건행정과,그린파크,가남읍,경기도 여주시 가남읍 경충대로 1388,경기도 여주시 가남읍 태평리 232-2,031-883-8228,,37.21163088,127.5420783,2025-12-16,
숙박업소,보건행정과,금강산모텔,여흥동,경기도 여주시 강변유원지길 22-17,경기도 여주시 연양동 398-2,031-886-2341,,37.2906144,127.6596414,2025-12-16,
숙박업소,보건행정과,길손여인숙,점동면,경기도 여주시 점동면 청안로 126,경기도 여주시 점동면 청안리 130-12,031-882-6767,,37.20574611,127.6620107,2025-12-16,
숙박업소,보건행정과,꿈 무인텔,가남읍,경기도 여주시 가남읍 은봉길 26,경기도 여주시 가남읍 건장리 29-5,,,37.19199349,127.5558108,2025-12-16,
숙박업소,보건행정과,꿈의궁전,점동면,경기도 여주시 점동면 장여로 883,경기도 여주시 점동면 덕평리 170-6,031-881-6876,,37.17962506,127.6627661,2025-12-16,
숙박업소,보건행정과,남강호텔,오학동,경기도 여주시 강변북로 7,경기도 여주시 천송동 567-7,031-886-0303,,37.30066977,127.6489544,2025-12-16,
숙박업소,보건행정과,느티나무펜션,산북면,경기도 여주시 산북면 주어로 126-1,경기도 여주시 산북면 주어리 336,,,37.41161806,127.4323386,2025-12-16,
숙박업소,보건행정과,대성여관,오학동,경기도 여주시 신륵사길 19,경기도 여주시 천송동 290-9,031-885-2309,,37.29908223,127.6551255,2025-12-16,
숙박업소,보건행정과,대신장 모텔,대신면,경기도 여주시 대신면 여양로 1464-1,경기도 여주시 대신면 율촌리 377-6,031-883-4194,,37.37418617,127.5854683,2025-12-16,
숙박업소,보건행정과,동해여관,가남읍,경기도 여주시 가남읍 태평로 27,경기도 여주시 가남읍 태평리 141-14,031-884-0191,,37.20300646,127.5458908,2025-12-16,
숙박업소,보건행정과,두바이 버즈,가남읍,경기도 여주시 가남읍 건은로 25-1,경기도 여주시 가남읍 건장리 142-35,031-886-0431,,37.19552749,127.5489838,2025-12-16,
숙박업소,보건행정과,두바이무인텔,가남읍,경기도 여주시 가남읍 건은로 25-2,경기도 여주시 가남읍 건장리 142-36,031-884-0431,,37.19537532,127.549427,2025-12-16,
숙박업소,보건행정과,러브텔,대신면,경기도 여주시 대신면 여양로 1561,경기도 여주시 대신면 보통리 96-2,031-883-8643,,37.37555973,127.5767294,2025-12-16,
숙박업소,보건행정과,럭키모텔,대신면,경기도 여주시 대신면 여양로 1560,경기도 여주시 대신면 보통리 97-2,031-884-1350,,37.37611026,127.5775947,2025-12-16,
숙박업소,보건행정과,렉스모텔,여흥동,경기도 여주시 청심로 234-12,경기도 여주시 상동 109-2,031-886-8665,,37.29409412,127.6449647,2025-12-16,
숙박업소,보건행정과,리버 뷰,여흥동,경기도 여주시 강변유원지길 78-37,경기도 여주시 연양동 279-9,031-885-0392,,37.28976325,127.6669493,2025-12-16,
숙박업소,보건행정과,리버스호텔,여흥동,경기도 여주시 주내로 87,경기도 여주시 연양동 434,031-885-2165,,37.29221764,127.6552687,2025-12-16,
숙박업소,보건행정과,리버하우스여관,금사면,경기도 여주시 금사면 이포로 72,경기도 여주시 금사면 이포리 182-12,031-881-4958,,37.39497043,127.5367668,2025-12-16,
숙박업소,보건행정과,명성장여관,여흥동,경기도 여주시 청심로 165-48,경기도 여주시 상동 215-1,031-884-2515,,37.29773978,127.6389779,2025-12-16,
숙박업소,보건행정과,미래인,강천면,경기도 여주시 강천면 설경주길 118-10,경기도 여주시 강천면 간매리 53-2,031-881-3617,,37.27730927,127.7163786,2025-12-16,
숙박업소,보건행정과,발리모텔,여흥동,경기도 여주시 세종로79번길 18-5,경기도 여주시 홍문동 281-2,031-885-7075,,37.29007703,127.6372416,2025-12-16,
숙박업소,보건행정과,버치힐무인텔,여흥동,경기도 여주시 강변유원지길 83,경기도 여주시 연양동 327,,,37.29225838,127.6646218,2025-12-16,
숙박업소,보건행정과,사마리안하우스,여흥동,경기도 여주시 청심로 165,경기도 여주시 홍문동 127-3,,,37.29746355,127.6384731,2025-12-16,
숙박업소,보건행정과,삼봉파크,흥천면,경기도 여주시 흥천면 이여로 947-11,경기도 여주시 흥천면 문장리 311,031-883-1596,,37.36537857,127.516025,2025-12-16,
숙박업소,보건행정과,성원여관,여흥동,경기도 여주시 세종로 30-1,경기도 여주시 홍문동 66-4,031-882-4100,,37.29533493,127.6360882,2025-12-16,
숙박업소,보건행정과,세븐모텔,여흥동,경기도 여주시 주내로 48-10,경기도 여주시 상동 62-2,031-885-1171,,37.29210785,127.6505072,2025-12-16,
숙박업소,보건행정과,세종숙박,여흥동,경기도 여주시 여흥로 107,경기도 여주시 홍문동 55,,,37.29580787,127.6352691,2025-12-16,
숙박업소,보건행정과,세종파크,오학동,경기도 여주시 여양로 210-6,경기도 여주시 천송동 564-4,031-883-8888,,37.30144437,127.6505972,2025-12-16,
숙박업소,보건행정과,소설,가남읍,경기도 여주시 가남읍 경충대로 1527-21,경기도 여주시 가남읍 신해리 609-9,031-883-4788,,37.21730483,127.5305719,2025-12-16,
숙박업소,보건행정과,소풍모텔,여흥동,경기도 여주시 주내로 51,경기도 여주시 상동 57,031-885-8890,,37.29265477,127.6520953,2025-12-16,
숙박업소,보건행정과,송림장여관,중앙동,경기도 여주시 소양로 51,경기도 여주시 창동 141-10,031-882-7500,,37.29435421,127.6310486,2025-12-16,
숙박업소,보건행정과,송학장여관,오학동,경기도 여주시 신륵사길 25,경기도 여주시 천송동 290-8,031-885-3936,,37.29885452,127.655456,2025-12-16,
숙박업소,보건행정과,수궁장여관,흥천면,경기도 여주시 흥천면 이여로 608-30,경기도 여주시 흥천면 외사리 237-5,031-632-4960,,37.34173143,127.492971,2025-12-16,
숙박업소,보건행정과,수정파크,오학동,경기도 여주시 여양로 299,경기도 여주시 오학동 297-12,031-885-0380,,37.30838668,127.6444806,2025-12-16,
숙박업소,보건행정과,숲,가남읍,경기도 여주시 가남읍 경충대로 1527-23,경기도 여주시 가남읍 신해리 609-2,031-883-2788,,37.21712832,127.5309336,2025-12-16,
숙박업소,보건행정과,스톤모텔,세종대왕면,경기도 여주시 세종대왕면 마장로 80,경기도 여주시 세종대왕면 신지리 802-8,031-884-7152,,37.29877263,127.5743612,2025-12-16,
숙박업소,보건행정과,시月,중앙동,경기도 여주시 월평로 73,경기도 여주시 월송동 315-5,,,37.27716848,127.6049433,2025-12-16,
숙박업소,보건행정과,신라모텔,여흥동,경기도 여주시 세종로79번길 18-12,경기도 여주시 홍문동 272-6,031-886-7700,,37.29001656,127.6366399,2025-12-16,
숙박업소,보건행정과,신륵여관,오학동,경기도 여주시 신륵사길 13,경기도 여주시 천송동 296-1,031-885-2508,,37.29958491,127.6558254,2025-12-16,
숙박업소,보건행정과,썬모텔,여흥동,경기도 여주시 강변유원지길 17,경기도 여주시 연양동 430-1,031-885-1818,,37.29190975,127.6577723,2025-12-16,
숙박업소,보건행정과,썬밸리호텔,여흥동,경기도 여주시 강변유원지길 45,경기도 여주시 연양동 414-5,031-880-3889,,37.29309128,127.6610509,2025-12-16,
숙박업소,보건행정과,씨티모텔,여흥동,경기도 여주시 청심로 162,경기도 여주시 홍문동 124-4,031-885-2251,,37.2973849,127.6379541,2025-12-16,
숙박업소,보건행정과,아비숑여관,오학동,경기도 여주시 여양로 210-9,경기도 여주시 천송동 515-18,031-886-4700,,37.30180751,127.6506915,2025-12-16,
숙박업소,보건행정과,애플,가남읍,경기도 여주시 가남읍 경충대로 1465-24,경기도 여주시 가남읍 신해리 635,031-886-8090,,37.21398815,127.5378736,2025-12-16,
숙박업소,보건행정과,어썸,흥천면,경기도 여주시 흥천면 시광길 37-38,경기도 여주시 흥천면 신근리 799-23,031-886-0117,,37.30399372,127.5602801,2025-12-16,
숙박업소,보건행정과,에이스호텔,오학동,경기도 여주시 신륵사길 13-2,경기도 여주시 천송동 290-11,,,37.29950343,127.655262,2025-12-16,
숙박업소,보건행정과,에코,여흥동,경기도 여주시 주내로 66,경기도 여주시 상동 37-4,031-885-8445,,37.29134646,127.6530162,2025-12-16,
숙박업소,보건행정과,여주 마조렐글램핑리조트,여흥동,,경기도 여주시 멱곡동 354-4,,,37.24836673,127.6560535,2025-12-16,
숙박업소,보건행정과,여주남한강 J모텔,여흥동,경기도 여주시 주내로 39,경기도 여주시 상동 69-1,031-881-5200,,37.29320435,127.6505474,2025-12-16,
숙박업소,보건행정과,여주스테이,가남읍,경기도 여주시 가남읍 경충대로 948-4,경기도 여주시 가남읍 은봉리 158,031-882-6383,,37.17975267,127.5643464,2025-12-16,
숙박업소,보건행정과,여주온천,강천면,경기도 여주시 강천면 강문로 864,경기도 여주시 강천면 부평리 412-3,031-885-4800,,37.27117409,127.7275087,2025-12-16,
숙박업소,보건행정과,여주진모텔,중앙동,경기도 여주시 우암로 39,경기도 여주시 창동 140-1,031-882-6422,,37.29525425,127.6323288,2025-12-16,
숙박업소,보건행정과,여흥여관,여흥동,경기도 여주시 청심로166번길 17-1,경기도 여주시 상동 228-2,031-886-2272,,37.29589174,127.6380511,2025-12-16,
숙박업소,보건행정과,영빈장여관,여흥동,경기도 여주시 여흥로109번길 22,경기도 여주시 홍문동 16-2,031-885-2445,,37.29744425,127.6364535,2025-12-16,
숙박업소,보건행정과,영화파크여관,여흥동,경기도 여주시 여흥로128번길 3-22,경기도 여주시 홍문동 74-49,031-884-2546,,37.29498042,127.6386248,2025-12-16,
숙박업소,보건행정과,예터,점동면,경기도 여주시 점동면 오갑산길 148-124,경기도 여주시 점동면 당진리 7-9,,,37.1645914,127.6911094,2025-12-16,
숙박업소,보건행정과,오렌지 무인텔,가남읍,경기도 여주시 가남읍 경충대로 1465-28,경기도 여주시 가남읍 신해리 635-71,031-884-0778,,37.21407773,127.5383268,2025-12-16,
숙박업소,보건행정과,오성모텔,중앙동,경기도 여주시 청심로 123,경기도 여주시 하동 214-20,031-882-1972,,37.29880299,127.6342542,2025-12-16,
숙박업소,보건행정과,오월호텔AVE,오학동,경기도 여주시 강변북로 14,경기도 여주시 천송동 593-3,031-885-5585,,37.30146767,127.6485516,2025-12-16,
숙박업소,보건행정과,옥천유스텔,오학동,경기도 여주시 신륵사길 29,경기도 여주시 천송동 290-2,031-885-2476,,37.29877024,127.6558035,2025-12-16,
숙박업소,보건행정과,올레모텔,산북면,경기도 여주시 산북면 광여로 1076,경기도 여주시 산북면 상품리 543-3,031-883-0951,,37.395426,127.4287315,2025-12-16,
숙박업소,보건행정과,용궁여관,여흥동,경기도 여주시 청심로 164,경기도 여주시 홍문동 134-1,031-885-2649,,37.29731319,127.6381687,2025-12-16,
숙박업소,보건행정과,유성여인숙,중앙동,경기도 여주시 여흥로69번길 21,경기도 여주시 하동 184-3,,,37.2984432,127.6321006,2025-12-16,
숙박업소,보건행정과,이화모텔,가남읍,경기도 여주시 가남읍 태평중앙1길 13,경기도 여주시 가남읍 태평리 112-4,031-883-1790,,37.20186477,127.5461986,2025-12-16,
숙박업소,보건행정과,인모텔,여흥동,경기도 여주시 세종로 384,경기도 여주시 점봉동 436-1,,,37.26427556,127.63936,2025-12-16,
숙박업소,보건행정과,일성남한강콘도,오학동,경기도 여주시 신륵로 5,경기도 여주시 천송동 585-2,031-883-1199,,37.30126167,127.6507889,2025-12-16,
숙박업소,보건행정과,첼시모텔,중앙동,경기도 여주시 명품1로 254,경기도 여주시 연라동 551-7,031-882-4431,,37.25761416,127.6015189,2025-12-16,
숙박업소,보건행정과,캐슬모텔,가남읍,경기도 여주시 가남읍 태평로 11-1,경기도 여주시 가남읍 태평리 110-18,031-882-0246,,37.2021989,127.5469755,2025-12-16,
숙박업소,보건행정과,태평여관,가남읍,경기도 여주시 가남읍 태평로 37,경기도 여주시 가남읍 태평리 163-4,031-882-3595,,37.2035532,127.5448564,2025-12-16,
숙박업소,보건행정과,토마토 무인모텔,가남읍,경기도 여주시 가남읍 경충대로 1465-22,경기도 여주시 가남읍 신해리 635-69,031-885-6969,,37.21392878,127.5375548,2025-12-16,
숙박업소,보건행정과,파사장여관,대신면,경기도 여주시 대신면 여양1로 54,경기도 여주시 대신면 천서리 417-6,031-883-5350,,37.40414871,127.5515011,2025-12-16,
숙박업소,보건행정과,파인모텔,가남읍,경기도 여주시 가남읍 일신로 156-8,경기도 여주시 가남읍 신해리 60-2,031-882-9114,,37.22021745,127.5505293,2025-12-16,
숙박업소,보건행정과,파인힐여관,대신면,경기도 여주시 대신면 여양로 1570-8,경기도 여주시 대신면 보통리 86,031-881-4205,,37.37710812,127.577653,2025-12-16,
숙박업소,보건행정과,프로파크,대신면,경기도 여주시 대신면 여양로 1453-9,경기도 여주시 대신면 율촌리 334-1,031-884-2464,,37.37368201,127.5866589,2025-12-16,
숙박업소,보건행정과,프린스,여흥동,경기도 여주시 여흥로109번길 20,경기도 여주시 홍문동 16-8,031-881-6881,,37.29726352,127.6364837,2025-12-16,
숙박업소,보건행정과,필,중앙동,경기도 여주시 세종로 64,경기도 여주시 창동 159-11,031-885-0888,,37.29235885,127.6350665,2025-12-16,
숙박업소,보건행정과,하나펜션,산북면,경기도 여주시 산북면 광여로 1432-14,경기도 여주시 산북면 백자리 172,031-884-4988,,37.41591693,127.4563465,2025-12-16,
숙박업소,보건행정과,하늘이 열리는 무인텔,가남읍,경기도 여주시 가남읍 은봉길 7,경기도 여주시 가남읍 심석리 84-1,031-328-1000,,37.19229425,127.5572697,2025-12-16,
숙박업소,보건행정과,하이모텔,여흥동,경기도 여주시 청심로 234-18,경기도 여주시 상동 109-3,031-881-4696,,37.29391258,127.6448622,2025-12-16,
숙박업소,보건행정과,하이텔모텔,오학동,경기도 여주시 강변북로 69,경기도 여주시 오학동 374-10,031-884-3677,,37.3026647,127.6422703,2025-12-16,
숙박업소,보건행정과,한양여관,오학동,경기도 여주시 신륵사길 17,경기도 여주시 천송동 290-12,031-884-2662,,37.29932138,127.6549443,2025-12-16,
숙박업소,보건행정과,해슬리 햄릿 휴양콘도미니엄,중앙동,경기도 여주시 명품1로 76,경기도 여주시 연라동 산 92,031-887-9912,,37.25802901,127.6165623,2025-12-16,
숙박업소,보건행정과,해슬리생츄어리,중앙동,경기도 여주시 명품1로 76,경기도 여주시 연라동 산 92,031-887-9924,,37.25802901,127.6165623,2025-12-16,
숙박업소,보건행정과,해여림,산북면,경기도 여주시 산북면 해여림로 78,경기도 여주시 산북면 상품리 691,031-882-1700,,37.39171292,127.4383395,2025-12-16,
숙박업소,보건행정과,허브모텔,여흥동,경기도 여주시 강변유원지길 25,경기도 여주시 연양동 428,031-886-0330,,37.29199764,127.6588833,2025-12-16,
숙박업소,보건행정과,호텔마루,오학동,경기도 여주시 강변북로 73,경기도 여주시 오학동 374-4,031-885-6500,,37.30286691,127.6419167,2025-12-16,
숙박업소,보건행정과,힐사이드파크,여흥동,경기도 여주시 세종로 119,경기도 여주시 홍문동 418-3,031-884-0550,,37.28730799,127.6349966,2025-12-16,
야영장,관광체육과,금은모래 캠핑장,여흥동,경기도 여주시 강변유원지길 105,경기도 여주시 연양동 304-8,031-880-4092,https://camp.yjcmc.or.kr/gsmc,37.29306214,127.666904,2025-12-16,
야영장,관광체육과,두리캠핑장,흥천면,경기도 여주시 흥천면 이여로 778-10,경기도 여주시 흥천면 상대리 9-25,,https://booking.naver.com/booking/3/bizes/100853area=plt,37.35433832,127.5070416,2025-12-16,
야영장,관광체육과,블루마린 캠핑장,세종대왕면,경기도 여주시 세종대왕면 중부대로 2545-74,경기도 여주시 세종대왕면 번도리 239-1,,,37.30350569,127.5813962,2025-12-16,
야영장,관광체육과,여주 카라반 체험장,점동면,경기도 여주시 점동면 선사길 321,경기도 여주시 점동면 흔암리 17,02-2002-9847,https://yeojucaravan.modoo.at/,37.23807757,127.684189,2025-12-16,
야영장,관광체육과,여주산촌관광농원,금사면,경기도 여주시 금사면 금품1로 552,경기도 여주시 금사면 상호리 29-2,,,37.40378274,127.4913247,2025-12-16,
야영장,관광체육과,여주참숯마을 캠핑장,강천면,경기도 여주시 강천면 걸촌동길 38-1 ,경기도 여주시 강천면 이호리 53-2,031-886-1119,,37.28857817,127.6984973,2025-12-16,
야영장,관광체육과,오름새 ,산북면,경기도 여주시 산북면 송현길 111-29,경기도 여주시 산북면 송현리 465,,,37.3807184,127.455261,2025-12-16,
야영장,관광체육과,이포보 오토 캠핑장,대신면,경기도 여주시 대신면 여양로 1935-177,경기도 여주시 대신면 당남리 318-1,031-881-6384,https://camp.yjcmc.or.kr/epoc,37.38561385,127.5489583,2025-12-16,
야영장,관광체육과,이포보 웰빙캠핑장,대신면,경기도 여주시 대신면 여양로 1935-69,경기도 여주시 대신면 천서리 755,031-880-4092,https://camp.yjcmc.or.kr/epoc,37.39358473,127.5482829,2025-12-16,
야영장,관광체육과,캠프여주,북내면,경기도 여주시 북내면 중암2길 19-22,경기도 여주시 북내면 중암리 산 25-13,,http://www.yjfarm.co.kr/,37.35709055,127.7103603,2025-12-16,
야영장,관광체육과,캠핑고래 강천캠핑장,강천면,경기도 여주시 강천면 강천로 265,경기도 여주시 강천면 강천리 670,,,37.24176918,127.7169022,2025-12-16,
야영장,관광체육과,캠핑주막,북내면,경기도 여주시 북내면 당전로 470,경기도 여주시 북내면 중암리 770,,,37.34854974,127.7165364,2025-12-16,
야영장,관광체육과,파인 관광농원,가남읍,경기도 여주시 가남읍 경충대로 1483-25,경기도 여주시 가남읍 신해리 649-10,031-883-7103,,37.21489025,127.5317714,2025-12-16,
야영장,관광체육과,팜스퀘어 하늘타리,금사면,경기도 여주시 금사면 금품2로 835-64,경기도 여주시 금사면 도곡리 241-1,,http://www.farmsquare.co.kr/haneul/info.asp,37.38406016,127.50042,2025-12-16,
야영장,관광체육과,해여림 빌리지,산북면,경기도 여주시 산북면 해여림로 78,경기도 여주시 산북면 상품리 691,031-882-1700,https://www.haeyeorim.co.kr/1856/home/index,37.39171292,127.4383395,2025-12-16,
야영장,관광체육과,호수산장 관광농원,가남읍,경기도 여주시 가남읍 신해1길 95-52,경기도 여주시 가남읍 신해리 222,031-882-9779,,37.23201627,127.5419508,2025-12-16,
야영장,관광체육과,휴림,산북면,경기도 여주시 산북면 주어로 204,경기도 여주시 산북면 주어리 368-3,,,37.41598958,127.4272856,2025-12-16,
여주농촌체험,기술기획과,Picnico(피크니코),흥천면,경기도 여주시 흥천면 금대울로 204-10,경기도 여주시 흥천면 복대리 107,0507-1335-0480,https://booking.naver.com/booking/12/bizes/223865area=bmp,37.36184872,127.5348121,2025-12-16,
여주농촌체험,기술기획과,경인목장,가남읍,경기도 여주시 가남읍 금당5길 149,경기도 여주시 가남읍 금당리 41-5,,,37.2135183,127.6203023,2025-12-16,
여주농촌체험,기술기획과,곤충박물관,여흥동,경기도 여주시 명성로 114-146,경기도 여주시 능현동 166,0507-1396-1400,https://www.xn--699a3bx02d1ya237aooepxj.kr/,37.25955987,127.6633506,2025-12-16,
여주농촌체험,기술기획과,김치체험장,세종대왕면,경기도 여주시 세종대왕면 월평로 408-24,경기도 여주시 세종대왕면 광대리 110,,,37.26580858,127.5794586,2025-12-16,
여주농촌체험,기술기획과,낭구야놀자,가남읍,경기도 여주시 가남읍 태평로 15,경기도 여주시 가남읍 태평리 110-5,0507-1416-3060,,37.20256609,127.5472051,2025-12-16,
여주농촌체험,기술기획과,낭만농부,가남읍,경기도 여주시 가남읍 송림2길 38,경기도 여주시 가남읍 송림리 41-1,,,37.1868209,127.6393738,2025-12-16,
여주농촌체험,기술기획과,느린숨,산북면,경기도 여주시 산북면 광여로 1326-20,경기도 여주시 산북면 백자리 317,,,37.40947212,127.4524687,2025-12-16,
여주농촌체험,기술기획과,늘향골체험마을,점동면,경기도 여주시 점동면 도리길 152,경기도 여주시 점동면 도리 60-2,,,37.2233893,127.7057236,2025-12-16,
여주농촌체험,기술기획과,루돌프농원,금사면,경기도 여주시 금사면 금품2로 485,경기도 여주시 금사면 주록리 44-7 ,0507-1335-6554,https://ldf.modoo.at/link=rhsn8d7r,37.37610709,127.4730288,2025-12-16,
여주농촌체험,기술기획과,백화원연꽃농원,점동면,경기도 여주시 점동면 구부실길 61,경기도 여주시 점동면 부구리 343,0507-1343-6625,https://blog.naver.com/sdi0630,37.19364834,127.6696271,2025-12-16,
여주농촌체험,기술기획과,부부농장,금사면,경기도 여주시 금사면 금품1로 332,경기도 여주시 금사면 상호리 90-13,,,37.40507953,127.4704451,2025-12-16,
여주농촌체험,기술기획과,산속애,북내면,경기도 여주시 북내면 상교3길 149,경기도 여주시 북내면 상교리 384-19,0507-1309-7969,https://sansok.imweb.me/,37.40337018,127.6529878,2025-12-16,
여주농촌체험,기술기획과,산숲팜,금사면,경기도 여주시 금사면 안산길 235-50,경기도 여주시 금사면 주록리 190,,https://cafe.naver.com/sansoopfarmiframe_url=/MyCafeIntro.nhn%3Fclubid=31089612,37.35789074,127.4534838,2025-12-16,
여주농촌체험,기술기획과,성문농장,강천면,경기도 여주시 강천면 가정긴골길 200,경기도 여주시 강천면 걸은리 330-1,031-885-7188,http://www.sm62.co.kr/,37.30321051,127.70056,2025-12-16,
여주농촌체험,기술기획과,술아원,여흥동,경기도 여주시 점봉길 93-12,경기도 여주시 점봉동 189-99,070-8776-0007,https://smartstore.naver.com/soola,37.246039,127.644465,2025-12-16,
여주농촌체험,기술기획과,아로마 파티,북내면,경기도 여주시 북내면 상교1길 61-34,경기도 여주시 북내면 상교리 61,0507-1430-5366,,37.3804698,127.6654102,2025-12-16,
여주농촌체험,기술기획과,양촌리캠프장,대신면,경기도 여주시 대신면 양촌로 235,경기도 여주시 대신면 양촌리 63-1,,,37.36665025,127.5608944,2025-12-16,
여주농촌체험,기술기획과,여주본가,가남읍,경기도 여주시 가남읍 가남로 270-3,경기도 여주시 가남읍 양귀리 141-2,0507-1421-1278,,37.21457711,127.5802081,2025-12-16,
여주농촌체험,기술기획과,여주자연팜,금사면,경기도 여주시 금사면 소유실길 107,경기도 여주시 금사면 소유리 49-3,0507-1331-8734,https://blog.naver.com/cyc0822,37.41665134,127.5000927,2025-12-16,
여주농촌체험,기술기획과,여주자원농원,세종대왕면,경기도 여주시 세종대왕면 마장로 99-31,경기도 여주시 세종대왕면 번도리 424-2,,https://blog.naver.com/rkwkrhrhrh,37.3014593,127.5779716,2025-12-16,
여주농촌체험,기술기획과,영춘농원,점동면,경기도 여주시 점동면 가남로 1126-1,경기도 여주시 점동면 청안리 330,,https://blog.naver.com/coxqeen,37.20202999,127.6560946,2025-12-16,
여주농촌체험,기술기획과,오감체험농장,강천면,경기도 여주시 강천면 오감길 87-6,경기도 여주시 강천면 가야리 132,,https://www.ogamfarm.co.kr/,37.26843479,127.6989313,2025-12-16,
여주농촌체험,기술기획과,은아목장,가남읍,경기도 여주시 가남읍 금당5길 139,경기도 여주시 가남읍 금당리 5-2,0507-1304-5868,http://www.eunafarm.com/main/main.asp,37.21254236,127.620361,2025-12-16,
여주농촌체험,기술기획과,주주팜,점동면,경기도 여주시 점동면 가남로 1126-1,경기도 여주시 점동면 청안리 330,,http://zoozoofarm.co.kr/,37.20202999,127.6560946,2025-12-16,
여주농촌체험,기술기획과,지미당,여흥동,경기도 여주시 하거1길 6,경기도 여주시 하거동 188-1,031-884-6036,,37.23146837,127.6406589,2025-12-16,
여주농촌체험,기술기획과,청미원,금사면,경기도 여주시 금사면 장흥로 353-7,경기도 여주시 금사면 장흥리 62-4,,,37.39149609,127.49117,2025-12-16,
여주농촌체험,기술기획과,초콜릿이도,세종대왕면,경기도 여주시 세종대왕면 새미실2길 14,경기도 여주시 세종대왕면 신지리 441-2,0507-1387-6450,http://www.chocolateido.co.kr/,37.28831021,127.5814624,2025-12-16,
여주농촌체험,기술기획과,토리샘,점동면,경기도 여주시 점동면 어우실길 67,경기도 여주시 점동면 관한리 419,,,37.15205503,127.6585449,2025-12-16,
여주농촌체험,기술기획과,팜스퀘어,금사면,경기도 여주시 금사면 금품2로 835-64,경기도 여주시 금사면 도곡리 241-1,,http://www.farmsquare.co.kr/haneul/info.asp,37.38406016,127.50042,2025-12-16,
여주농촌체험,기술기획과,팜스테이마을,금사면,경기도 여주시 금사면 윗범실길 8-3,경기도 여주시 금사면 상호리 153-2,031-886-5552,https://farmstay.invil.org/index.html,37.40875051,127.4745956,2025-12-16,
여주농촌체험,기술기획과,평리자연농원,가남읍,경기도 여주시 가남읍 화평길 59-18,경기도 여주시 가남읍 화평리 141-6,,,37.24359421,127.5646669,2025-12-16,
여주농촌체험,기술기획과,품실채휴양마을,산북면,경기도 여주시 산북면 광여로 1389,경기도 여주시 산북면 백자리 308-2,031-884-1555,,37.41389291,127.4535081,2025-12-16,
여주농촌체험,기술기획과,해봄,가남읍,경기도 여주시 가남읍 양귀1길 84,경기도 여주시 가남읍 양귀리 551-3,0507-1357-591,https://forest5.modoo.at/,37.20376783,127.5822785,2025-12-16,
여주도자기,관광체육과,iz토예,강천면,경기도 여주시 강천면 곱새기로 123,경기도 여주시 강천면 걸은리 782-2,070-8800-8191,,37.28980829,127.7083586,2025-12-16,"생활소품,주방소품,찬기,접시,머그,다도,세트"
여주도자기,관광체육과,lkmade,오학동,경기도 여주시 어영실로 45-13,경기도 여주시 천송동 503-43,031-885-5446,,37.30477013,127.6517115,2025-12-16,"냄비,머그"
여주도자기,관광체육과,가마고을,북내면,경기도 여주시 북내면 도예로 379,경기도 여주시 북내면 신남리 144-1,031-885-4654,,37.323803,127.671382,2025-12-16,생활자기
여주도자기,관광체육과,가마고을,오학동,경기도 여주시 어영실로 93-8,경기도 여주시 천송동 452-2,031-885-4654,,37.30835743,127.6542935,2025-12-16,"다도,접시,생활소품,컵,공기,세트"
여주도자기,관광체육과,가마지기,오학동,경기도 여주시 현암3길 118,경기도 여주시 현암동 363-1,031-881-2255,,37.31621815,127.6363097,2025-12-16,생활자기
여주도자기,관광체육과,걸은도자문화세험학교,강천면,경기도 여주시 강천면 마감로 117-14,경기도 여주시 강천면 걸은리 625-1,031-886-3729,,37.29294417,127.6978218,2025-12-16,도자체험
여주도자기,관광체육과,고려도자기,북내면,경기도 여주시 북내면 운촌1길 51,경기도 여주시 북내면 운촌리 356-1,031-886-9622,,37.33217836,127.7142572,2025-12-16,도자체험
여주도자기,관광체육과,고성도예,대신면,경기도 여주시 대신면 여양로 1083-10,경기도 여주시 대신면 후포리 743-6,031-885-3613,,37.35426735,127.6072204,2025-12-16,"백자,진사, 도자체험"
여주도자기,관광체육과,곰아저씨공방,대신면,경기도 여주시 대신면 대신1로 90,경기도 여주시 대신면 초현리 77-7,,,37.38251522,127.5970211,2025-12-16,"찬기,접시,공기,면기,대접,주방소품,볼,머그,백자,청자"
여주도자기,관광체육과,굴암리공방,강천면,경기도 여주시 강천면 굴암1길 29,경기도 여주시 강천면 굴암리 56-3,031-883-0242,http://www.kimsangbeom.com,37.23864427,127.7004255,2025-12-16,조형도자 및 주기
여주도자기,관광체육과,그루,오학동,경기도 여주시 현암2길 6-9,경기도 여주시 현암동 179-2,031-885-1684,,37.30792248,127.6395317,2025-12-16,"찬기,접시,볼,주전자,면기,대접,찬기,주방소품,머그"
여주도자기,관광체육과,그린포터리,오학동,경기도 여주시 신륵로 67,경기도 여주시 천송동 331-7,,,37.30197175,127.6571193,2025-12-16,"화분,찬기,면기,대접,볼,접시,머그,주방소품"
여주도자기,관광체육과,금사토기(나날),대신면,경기도 여주시 대신면 대신1로 426-24,경기도 여주시 대신면 옥촌리 459-6,,,37.40753614,127.6165106,2025-12-16,"접시,볼,컵,세트"
여주도자기,관광체육과,기억도자기,오학동,경기도 여주시 학동1길 5,경기도 여주시 현암동 208-5,,,37.30364836,127.641686,2025-12-16,"공기,대접,찬기,컵,접시,면기"
여주도자기,관광체육과,긴골이야기,북내면,경기도 여주시 북내면 가정긴골길 89-10,경기도 여주시 북내면 가정리 78-5,031-886-5474,,37.29994309,127.6908066,2025-12-16,"주기,주방소품,머그,찬기,대접,면기,접시"
여주도자기,관광체육과,김원주조형,북내면,경기도 여주시 북내면 상교2길 133-14,경기도 여주시 북내면 상교리 335,031-884-9584,,37.40206108,127.6626332,2025-12-16,"다도,접시,머그"
여주도자기,관광체육과,놀터공방,북내면,경기도 여주시 북내면 도예촌길 17-8,경기도 여주시 북내면 지내리 370-28,,,37.30878169,127.6853259,2025-12-16,"머그,커피"
여주도자기,관광체육과,다솜도예,북내면,경기도 여주시 북내면 당전로 358-4,경기도 여주시 북내면 중암리 561-3,031-884-0291,,37.33925436,127.7136773,2025-12-16,"주기,볼,면기,공기,찬기,대접,접시,주방소품,생활소품"
여주도자기,관광체육과,다은도예,북내면,경기도 여주시 북내면 도예로 317,경기도 여주시 북내면 신남리 185,031-885-6790,,37.3212931,127.6655835,2025-12-16,"쌀독,백자,주방용품,생활용품,세트"
여주도자기,관광체육과,다형도예,대신면,경기도 여주시 대신면 대신1로 94,경기도 여주시 대신면 초현리 80-3,031-882-9762,,37.38281631,127.5976498,2025-12-16,"화분,항아리,쌀독,접시,대접,먹,주방용품,생활용품"
여주도자기,관광체육과,대웅도자,강천면,경기도 여주시 강천면 강문로 181,경기도 여주시 강천면 이호리 350-16,031-885-8785,,37.29344372,127.6820196,2025-12-16,"볼,면기,접시,찬기,머그,대접"
여주도자기,관광체육과,덕산방,대신면,경기도 여주시 대신면 하림2길 22,경기도 여주시 대신면 하림리 208,,,37.35705311,127.6390327,2025-12-16,"작품, 화분"
여주도자기,관광체육과,도유가,대신면,경기도 여주시 대신면 가산1길 106,경기도 여주시 대신면 가산리 542-3,031-884-2744,,37.33802796,127.6137547,2025-12-16,"도자기 제조,도소매, 차그릇(다기),달항아리"
여주도자기,관광체육과,도자공방 나래,강천면,경기도 여주시 강천면 강문로 210,경기도 여주시 강천면 이호리 474-3,031-886-5030,,37.29052391,127.6817323,2025-12-16,"작품, 소품, 화분"
여주도자기,관광체육과,디자인비젼,강천면,경기도 여주시 강천면 강문로 388,경기도 여주시 강천면 이호리 132-5,031-883-8956,,37.28417201,127.6970727,2025-12-16,"머그,컵,화분,생활소품"
여주도자기,관광체육과,로얄포셀린,세종대왕면,경기도 여주시 세종대왕면 안양동2길 36,경기도 여주시 세종대왕면 구양리 550-5,031-882-1813,,37.31059694,127.5763652,2025-12-16,"찬기,접시,볼,면기,대접,공기,냄비,머그"
여주도자기,관광체육과,리번아트,북내면,경기도 여주시 북내면 가정긴골길 10,경기도 여주시 북내면 가정리 157,031-886-1142,,37.29619598,127.6833482,2025-12-16,"다도,커피,주기,머그,화분,세트기타"
여주도자기,관광체육과,밈,금사면,경기도 여주시 금사면 발림길 89-93,경기도 여주시 금사면 외평리 440-6,,,37.39495071,127.5164323,2025-12-16,옹기
여주도자기,관광체육과,박광연도자갤러리카페 비움과채움,오학동,경기도 여주시 신륵로 35-3,경기도 여주시 천송동 534,031-886-0897,,37.30107552,127.6535528,2025-12-16,"컵,머그,면기,접시,백자,항아리,생활소품"
여주도자기,관광체육과,백제도예연구소,북내면,경기도 여주시 북내면 도예촌길 14-1,경기도 여주시 북내면 지내리 370-36,031-885-4428,,37.30833361,127.6861811,2025-12-16,"주기,접시,대접,볼,공기,면기,냄비,찬기,컵"
여주도자기,관광체육과,범천요,대신면,경기도 여주시 대신면 대신1로 96,경기도 여주시 대신면 초현리 80-2,,,37.38299128,127.5977235,2025-12-16,"냄비,커피,다도,머그,접시,볼,찬기,공기,대접,주방용품"
여주도자기,관광체육과,부여도자기,오학동,경기도 여주시 오학길 5,경기도 여주시 오학동 137,031-881-4348,,37.31344922,127.6498565,2025-12-16,"분청,패션소품,생활소품,세트"
여주도자기,관광체육과,붉은나무,강천면,경기도 여주시 강천면 굴암1길 21-1,경기도 여주시 강천면 굴암리 83-7,,,37.2389972,127.7014451,2025-12-16,"공기,대접,면기,찬기,접시,주전자,컵,볼,주방용품"
여주도자기,관광체육과,살래(세라믹스튜디오 살래),대신면,경기도 여주시 대신면 초현길 80,경기도 여주시 대신면 초현리 356-9,070-4129-9231,,37.36821336,127.595091,2025-12-16,"화분,다도,공기,생활용품,접시"
여주도자기,관광체육과,생기의 숲,오학동,경기도 여주시 오금2길 75,경기도 여주시 오금동 111-1,031-883-6285,,37.33991899,127.651239,2025-12-16,"옹기,접시,화분,주방소품"
여주도자기,관광체육과,서라벌도예,북내면,경기도 여주시 북내면 도예촌길 17-8,경기도 여주시 북내면 지내리 370-28,031-886-7717,,37.30878169,127.6853259,2025-12-16,"접시,면지,찬기,공기,머그,볼,다도,백자,반상기"
여주도자기,관광체육과,석담도예,북내면,경기도 여주시 북내면 여양2로 257,경기도 여주시 북내면 당우리 235-2,031-882-0136,,37.32617985,127.6795501,2025-12-16,"백자작품, 소품"
여주도자기,관광체육과,석담도예,북내면,경기도 여주시 북내면 여양2로 257,경기도 여주시 북내면 당우리 235-2,031-882-0136,,37.32617985,127.6795501,2025-12-16,"청화백자,주방소품,생활소품,화분,청자,백자,다도,주기"
여주도자기,관광체육과,선욱요업,오학동,경기도 여주시 현암3길 38-1,경기도 여주시 현암동 154-1,031-885-1350,,37.3107766,127.639941,2025-12-16,"생활자기,화분"
여주도자기,관광체육과,설봉도예,오학동,경기도 여주시 학동1길 42,경기도 여주시 오학동 292-9,031-885-8877,,37.30686631,127.6427224,2025-12-16,"청자, 백자, 작품도자기"
여주도자기,관광체육과,성월요업,오학동,경기도 여주시 여양로 410,경기도 여주시 오학동 85-10,031-885-2179,,37.31807018,127.6473427,2025-12-16,"다도,커피,컵,세트,생활소품"
여주도자기,관광체육과,세종드림,대신면,경기도 여주시 대신면 여양로 1028,경기도 여주시 대신면 가산리 182,031-885-6304,,37.35248179,127.6126417,2025-12-16,"주기,찬기,다도,대접,공기,볼,주방소품,생활소품"
여주도자기,관광체육과,소리니 카페,오학동,경기도 여주시 여양로 231,경기도 여주시 천송동 590-1,031-881-4478,,37.30302255,127.6482421,2025-12-16,도자체험
여주도자기,관광체육과,소소재기독예술원,가남읍,경기도 여주시 가남읍 대신리길 235,경기도 여주시 가남읍 대신리 236-3,031-882-4601,,37.17933977,127.5345681,2025-12-16,"냄비,접시,볼,머그,대접,주방소품,생활소품"
여주도자기,관광체육과,소우재,북내면,경기도 여주시 북내면 당전로 358-3,경기도 여주시 북내면 중암리 561-1,031-882-1450,,37.33965934,127.7137709,2025-12-16,"백자,머그,생활소품"
여주도자기,관광체육과,소우재도예,북내면,경기도 여주시 북내면 당전로 358-3,경기도 여주시 북내면 중암리 561-1,031-882-1450,https://www.sowoojae.com,37.33965934,127.7137709,2025-12-16,"백자작품, 생활자기"
여주도자기,관광체육과,솔솔푸른솔,오학동,경기도 여주시 현암3길 37,경기도 여주시 현암동 155-6,,,37.31042196,127.6400559,2025-12-16,"접시,찬기,볼,공기,접시,대접"
여주도자기,관광체육과,순수,대신면,경기도 여주시 대신면 두라리길 71,경기도 여주시 대신면 가산리 79-1,,,37.3500589,127.6289285,2025-12-16,"공기,대접,찬기,접시,볼,면기,머그,볼,기타"
여주도자기,관광체육과,알천도예,북내면,경기도 여주시 북내면 신남1길 99-9,경기도 여주시 북내면 신남리 47-6,031-885-9313,,37.32972413,127.6679442,2025-12-16,"접시,머그,다도,공기,대접,찬기,생활소품"
여주도자기,관광체육과,엘림도예,오학동,경기도 여주시 오학길 22,경기도 여주시 오학동 132-3,031-885-0368,,37.31501184,127.6496943,2025-12-16,"생활자기,화분,작품"
여주도자기,관광체육과,여기도자기,대신면,경기도 여주시 대신면 하림3길 15-9,경기도 여주시 대신면 하림리 236-2,,,37.3579496,127.642629,2025-12-16,화분
여주도자기,관광체육과,여주 이도 세라믹 스튜디오,북내면,경기도 여주시 북내면 가정1길 62,경기도 여주시 북내면 가정리 86-2,031-881-5525,,37.30000857,127.6889248,2025-12-16,도자체험
여주도자기,관광체육과,여주도예촌,오학동,경기도 여주시 여양로 588-8,경기도 여주시 오금동 산 24-1,031-886-4393,,37.33157945,127.6492079,2025-12-16,"접시,대접,공기,찬기,반상기,면기,컵,생활소품"
여주도자기,관광체육과,여주시장애인자립생활센터,여흥동,경기도 여주시 여흥로160번길 49-16,경기도 여주시 상동 372-4,031-885-0748,,37.2917503,127.6417536,2025-12-16,생활자기
여주도자기,관광체육과,여주토기,오학동,경기도 여주시 여양로 328,경기도 여주시 오학동 250-1,031-885-5685,http://www.yeojutogi.co.kr,37.31083097,127.6455225,2025-12-16,"도자기,항아리"
여주도자기,관광체육과,연안자기,오학동,경기도 여주시 현암3길 54-4,경기도 여주시 현암동 159-2,031-885-6289,,37.31149492,127.6393667,2025-12-16,"컵,머그"
여주도자기,관광체육과,영주헌도예,오학동,경기도 여주시 강변북로 70-3,경기도 여주시 오학동 292-7,,,37.3034213,127.6428643,2025-12-16,"접시,머그,볼,항아리"
여주도자기,관광체육과,예나공방,북내면,경기도 여주시 북내면 신남1길 99-3,경기도 여주시 북내면 신남리 47-4,070-7521-5158,,37.3298688,127.6683155,2025-12-16,"접시,면기,머그,볼,주기,생활소품,항아리,주방소품"
여주도자기,관광체육과,예뜰공방,대신면,경기도 여주시 대신면 새재길 11-19,경기도 여주시 대신면 초현리 151-1,,,37.3806907,127.5968717,2025-12-16,생활자기
여주도자기,관광체육과,오부자옹기,금사면,경기도 여주시 금사면 이여로 1213-7,경기도 여주시 금사면 궁리 4,031-882-9334,,37.3860471,127.5271876,2025-12-16,옹기
여주도자기,관광체육과,옹기공방,북내면,경기도 여주시 북내면 여강로 184,경기도 여주시 북내면 신접리 432-1,031-886-7055,,37.31647496,127.6858807,2025-12-16,"냄비,옹기"
여주도자기,관광체육과,용우도예,북내면,경기도 여주시 북내면 도예로 323,경기도 여주시 북내면 신남리 184-5,031-886-0425,,37.32127925,127.6661081,2025-12-16,작품
여주도자기,관광체육과,용우도예방,북내면,경기도 여주시 북내면 도예로 323,경기도 여주시 북내면 신남리 184-5,031-886-0425,,37.32127925,127.6661081,2025-12-16,"분청,청자,진사,생황용품"
여주도자기,관광체육과,용원요업,오학동,경기도 여주시 오금3길 22-2,경기도 여주시 오금동 278-9,031-884-2728,,37.33414774,127.6441253,2025-12-16,화분
여주도자기,관광체육과,우서요,북내면,경기도 여주시 북내면 도예촌길 17-10,경기도 여주시 북내면 지내리 373-5,070-8825-8640,,37.3089651,127.6853322,2025-12-16,화분
여주도자기,관광체육과,운곡청자,가남읍,경기도 여주시 가남읍 화평길 59-9,경기도 여주시 가남읍 화평리 114,031-885-6653,,37.2430772,127.5657011,2025-12-16," 도자기, 청자작품"
여주도자기,관광체육과,운산도예,대신면,경기도 여주시 대신면 여양로 1083-12,경기도 여주시 대신면 후포리 743-7,,,37.35414508,127.6071503,2025-12-16,"작품, 생활자기"
여주도자기,관광체육과,유기공방(김경수여주유기공방),대신면,경기도 여주시 대신면 초현길 76,경기도 여주시 대신면 초현리 356-5,031-881-4246,,37.36833826,127.5954984,2025-12-16,"찬기,접시,주방용품,컵,머그,잔,찻잔"
여주도자기,관광체육과,의석도예,오학동,경기도 여주시 여양로 303,경기도 여주시 오학동 298-2,031-886-1484,,37.30881747,127.644463,2025-12-16,"분청,생활소품,기타"
여주도자기,관광체육과,이경현도예,북내면,경기도 여주시 북내면 신남1길 99-9,경기도 여주시 북내면 신남리 47-6,,,37.32972413,127.6679442,2025-12-16,"컵,접시,생활소품,화분,볼,면기,세트"
여주도자기,관광체육과,이조도예 체험학습장,오학동,경기도 여주시 평장길 55,경기도 여주시 현암동 94-4,031-885-2108,,37.32070646,127.6427154,2025-12-16,도자체험
여주도자기,관광체육과,일사도예,세종대왕면,경기도 여주시 세종대왕면 중부대로 2710-38,경기도 여주시 세종대왕면 왕대리 981-23,031-885-4049,,37.2963501,127.6084665,2025-12-16,"커피,머그,생활소품"
여주도자기,관광체육과,임의섭도예작업장,세종대왕면,경기도 여주시 세종대왕면 왕터1길 99,경기도 여주시 세종대왕면 왕대리 506-3,031-881-2562,,37.32381742,127.5976938,2025-12-16,"접시,주방소품,찬기,머그,면기,공기,대접,볼,다도"
여주도자기,관광체육과,장유도예,오학동,경기도 여주시 현암4길 48,경기도 여주시 현암동 426,031-885-1405,,37.3234695,127.6340469,2025-12-16,"생활자기, 다기세트"
여주도자기,관광체육과,전원요업,오학동,경기도 여주시 어영실로 87,경기도 여주시 천송동 450-4,031-884-0459,,37.30798809,127.6540853,2025-12-16,"분청,다도,칠보,백자,컵,접시,공기,대접,주방소품"
여주도자기,관광체육과,증터가마,오학동,경기도 여주시 오학길 9-2,경기도 여주시 오학동 136-5,031-886-6810,,37.31417601,127.6494899,2025-12-16,"머그,다도,주기,컵,생활소품"
여주도자기,관광체육과,창무도예연구원,강천면,경기도 여주시 강천면 강문로 181,경기도 여주시 강천면 이호리 350-16,031-885-7070,,37.29344372,127.6820196,2025-12-16,"접시,면기,반상기,점묘,공기,볼,주방소품,컵"
여주도자기,관광체육과,천화,오학동,경기도 여주시 여양로 588-2,경기도 여주시 오금동 252-4,031-881-5949,,37.33146249,127.6484218,2025-12-16,"냄비,머그,옹기,다도,커피,주방소품"
여주도자기,관광체육과,청룡도예,오학동,경기도 여주시 여양로 452,경기도 여주시 오학동 62-10,031-885-5890,,37.32036008,127.6503396,2025-12-16,"다도,백자,분청"
여주도자기,관광체육과,청심도화방,북내면,경기도 여주시 북내면 당전로 348,경기도 여주시 북내면 중암리 550-1,,,37.33889361,127.7129863,2025-12-16,백자 작품
여주도자기,관광체육과,토강암요업,북내면,경기도 여주시 북내면 신남1길 23,경기도 여주시 북내면 신남리 133-3,031-885-2559,,37.32531395,127.6730586,2025-12-16,"분청,백자,다도,청화백자,생활소품"
여주도자기,관광체육과,토기장이,대신면,경기도 여주시 대신면 여양로 1026,경기도 여주시 대신면 가산리 산 50-15,031-881-3589,,37.35225537,127.613092,2025-12-16,"접시,면기,찬기,공기,댕접,접시,주기,볼,주방소품"
여주도자기,관광체육과,토산방,북내면,경기도 여주시 북내면 상교1길 47,경기도 여주시 북내면 상교리 56-1,,,37.37914605,127.6689687,2025-12-16,"생활자기, 작품"
여주도자기,관광체육과,토우도예,금사면,경기도 여주시 금사면 장흥로 315,경기도 여주시 금사면 장흥리 51-1,031-885-8410,,37.39114467,127.4865785,2025-12-16,"분청,백자,생활소품,패션소품,화분"
여주도자기,관광체육과,토은도자기,오학동,경기도 여주시 오금1길 67-1,경기도 여주시 오금동 74,,,37.33546002,127.6514409,2025-12-16,"접시,컵,찬기,면기,화분,주방소품"
여주도자기,관광체육과,포슬린,오학동,경기도 여주시 학동1길 36,경기도 여주시 오학동 292-11,031-885-8893,,37.3065085,127.6428909,2025-12-16,"머그,주기,볼,공기,볼,주방소품,세트"
여주도자기,관광체육과,한당도예,북내면,경기도 여주시 북내면 여양2로 183,경기도 여주시 북내면 신남리 236-21,031-885-5355,,37.32054795,127.6759964,2025-12-16,"머그,주기,면기,화분,접시,생활소품,주방소품,쌀독"
여주도자기,관광체육과,한덕도예,대신면,경기도 여주시 대신면 여양로 664,경기도 여주시 대신면 천남리 73-1,031-881-1700,,37.33807879,127.6447517,2025-12-16,"다도,분청,진사"
여주도자기,관광체육과,한도랑도예연수원,흥천면,경기도 여주시 흥천면 부처울길 13-1,경기도 여주시 흥천면 계신리 177-6,031-884-5840,,37.3764659,127.5380104,2025-12-16,도자체험
여주도자기,관광체육과,한울디자인,북내면,경기도 여주시 북내면 가정1길 24,경기도 여주시 북내면 가정리 205,031-885-1145,,37.30014954,127.6850201,2025-12-16,"생활자기, 기타"
여주도자기,관광체육과,한울디자인,북내면,경기도 여주시 북내면 가정1길 24,경기도 여주시 북내면 가정리 205,031-885-1145,,37.30014954,127.6850201,2025-12-16,"접시,공기,대접,면기,찬기,머그,주전자,다도"
여주도자기,관광체육과,해밀공예디자인,오학동,경기도 여주시 여양로 303,경기도 여주시 오학동 298-2,,,37.30881747,127.644463,2025-12-16,"주기,접시,머그,컵,화분,세트,기타"
여주도자기,관광체육과,해청도예,오학동,경기도 여주시 도예로 183,경기도 여주시 오학동 160-6,031-885-4802,,37.31538575,127.6528248,2025-12-16,"칠보,진사,청자,백자,화분,생활소품"
여주도자기,관광체육과,화조화분,오학동,경기도 여주시 여양로 295,경기도 여주시 오학동 296-2,031-886-7791,,37.30797634,127.644616,2025-12-16,화분
여주도자기,관광체육과,효진도예,북내면,경기도 여주시 북내면 여강로 188,,031-887-2114,,37.3168164,127.685978,2025-12-16,"작품, 다육화분"
여주도자기,관광체육과,흙내가마,강천면,경기도 여주시 강천면 강문로 380,경기도 여주시 강천면 이호리 129-8,031-884-7918,,37.28429853,127.6963967,2025-12-16,"커피,머그,다도,볼,접시,액자,생활소품,주방소품"
여주도자기,관광체육과,흙누리 공방,오학동,경기도 여주시 소지개길 49,경기도 여주시 천송동 91-5,031-886-3144,,37.30731245,127.6691786,2025-12-16,"다도,커피,주전자,머그,생활소품,화분"
여주도자기,관광체육과,흙도예,북내면,경기도 여주시 북내면 도예촌길 3,경기도 여주시 북내면 지내리 370-41,031-886-9338,,37.30795606,127.6854073,2025-12-16,"작품, 생활자기"
여주도자기,관광체육과,흙마루,오학동,경기도 여주시 오금2길 109-4,경기도 여주시 오금동 133,,,37.34052707,127.6550292,2025-12-16,"달항아리, 접시"
유관기관,자치행정과,(재)여주시인재육성장학회,오학동,경기도 여주시 신륵사길 6-6,경기도 여주시 천송동 553,031-887-2583,http://www.yeojulove.or.kr,37.30018482,127.6523511,2025-12-16,
유관기관,자치행정과,KT여주지사,여흥동,경기도 여주시 청심로 204,경기도 여주시 상동 315-3,100,https://www.kt.com,37.2953525,127.6420461,2025-12-16,
유관기관,자치행정과,국립농산물품질관리원 경기지원 여주사무소,세종대왕면,경기도 여주시 세종대왕면 중부대로 2799-24,경기도 여주시 세종대왕면 왕대리 947-17,031-880-8000,https://www.naqs.go.kr,37.30151967,127.6150476,2025-12-16,
유관기관,자치행정과,국민건강보험공단 여주지사,중앙동,경기도 여주시 소양로 7,경기도 여주시 하동 363-1,1577-1000,https://www.nhis.or.kr,37.29740965,127.6278505,2025-12-16,
유관기관,자치행정과,대한법률구조공단 여주출장소,오학동,경기도 여주시 현암로 21-9,경기도 여주시 현암동 665-6,031-884-7640,https://www.klac.or.kr,37.31302586,127.6330126,2025-12-16,
유관기관,자치행정과,민주평화통일자문회의 여주시협의회,여흥동,경기도 여주시 세종로 1,경기도 여주시 홍문동 4,031-885-0038,https://www.puac.go.kr/index.jsp,37.29821379,127.6366244,2025-12-16,
유관기관,자치행정과,바르게살기운동 여주시협의회,중앙동,경기도 여주시 청심로 88,경기도 여주시 하동 124,031-885-1112,,37.29953272,127.6301574,2025-12-16,
유관기관,자치행정과,세종대왕유적관리소,세종대왕면,경기도 여주시 세종대왕면 영릉로 269-10,경기도 여주시 세종대왕면 왕대리 951-2,031-885-3123,https://sejong.cha.go.kr,37.30493307,127.6113328,2025-12-16,
유관기관,자치행정과,수원보호관찰소 여주지소,여흥동,경기도 여주시 세종로45번길 25,경기도 여주시 상동 361,031-887-5500,https://www.moj.go.kr/cppb/813/subview.do,37.29340116,127.6397,2025-12-16,
유관기관,자치행정과,수원지방검찰청 여주지청,오학동,경기도 여주시 현암로 21-11,경기도 여주시 현암동 640-9,031-880-4200,http://www.spo.go.kr/yeoju,37.31375024,127.6326665,2025-12-16,
유관기관,자치행정과,수원지방법원 여주지원,오학동,경기도 여주시 현암로 21-12,경기도 여주시 현암동 640-10,031-880-7500,https://suwon.scourt.go.kr,37.31362214,127.6341253,2025-12-16,
유관기관,자치행정과,여주경찰서,중앙동,경기도 여주시 세종로 50,경기도 여주시 창동 155,031-887-0359,https://www.ggpolice.go.kr/yj,37.29320522,127.6355293,2025-12-16,
유관기관,자치행정과,여주교육지원청,여흥동,경기도 여주시 청심로 181,경기도 여주시 상동 201-29,031-880-2308,https://www.goeyj.kr/goeyj/main.do,37.29718659,127.6404216,2025-12-16,
유관기관,자치행정과,여주도시공사,점동면,경기도 여주시 점동면 청안로 132,경기도 여주시 점동면 청안리 124-1,031-880-4000,https://www.yjcmc.or.kr,37.20601228,127.6622986,2025-12-16,
유관기관,자치행정과,여주문화원,오학동,경기도 여주시 신륵사길 6-6,경기도 여주시 천송동 553,031-883-3450,http://yeojucc.co.kr,37.30018482,127.6523511,2025-12-16,
유관기관,자치행정과,여주세종문화관광재단,오학동,경기도 여주시 여양로 210-5,경기도 여주시 천송동 516-1,031-881-9690,https://www.yjcf.or.kr,37.30165465,127.6504038,2025-12-16,
유관기관,자치행정과,여주소방서,중앙동,경기도 여주시 우암로 110,경기도 여주시 월송동 42,031-887-7119,https://119.gg.go.kr/yeoju,37.29166799,127.6258041,2025-12-16,
유관기관,자치행정과,여주시 새마을회,중앙동,경기도 여주시 영릉로 35-16,경기도 여주시 창동 195,031-884-8623,,37.28896621,127.630976,2025-12-16,
유관기관,자치행정과,여주시 체육회,중앙동,경기도 여주시 영릉로 123,경기도 여주시 월송동 1,031-886-1700,http://yjsc.or.kr,37.29303754,127.6229022,2025-12-16,
유관기관,자치행정과,여주시산림조합,중앙동,경기도 여주시 삼밭골길 10,경기도 여주시 월송동 230-6,031-883-7011,http://yeoju.nfcf.or.kr,37.28483659,127.6146309,2025-12-16,
유관기관,자치행정과,여주시선거관리위원회,여흥동,경기도 여주시 여양로 57,경기도 여주시 상동 371-5,031-884-7866,https://gg.nec.go.kr,37.29121592,127.6403473,2025-12-16,
유관기관,자치행정과,여주우체국,여흥동,경기도 여주시 세종로 100,경기도 여주시 홍문동 233-5,031-883-0004,https://www.koreapost.go.kr,37.28930883,127.6341513,2025-12-16,
유관기관,자치행정과,한국국토정보공사 여주지사,여흥동,경기도 여주시 여흥로160번길 50,경기도 여주시 상동 371-3,031-8087-3460,https://www.lx.or.kr/gyeonggi.do,37.29141174,127.6407907,2025-12-16,
유관기관,자치행정과,한국노동조합총연맹 중앙교육원,점동면,경기도 여주시 점동면 장여로 987-189,경기도 여주시 점동면 덕평리 9-2,031-884-0676,http://ed.inochong.org,37.19164499,127.6570571,2025-12-16,
유관기관,자치행정과,한국농어촌공사 여주이천지사,세종대왕면,경기도 여주시 세종대왕면 양화로 816,경기도 여주시 세종대왕면 신지리 955-5,031-887-7500,https://www.ekr.or.kr,37.28968442,127.5698172,2025-12-16,
유관기관,자치행정과,한국도로공사 여주영업소,여흥동,경기도 여주시 장여로 1758,경기도 여주시 점봉동 132,031-327-2148,https://www.ex.co.kr,37.2530985,127.6503444,2025-12-16,
유관기관,자치행정과,한국자유총연맹 여주시지부,중앙동,경기도 여주시 청심로 88,경기도 여주시 하동 124,031-885-2501,https://www.koreaff.or.kr,37.29953272,127.6301574,2025-12-16,
유관기관,자치행정과,한국전력공사 여주지사,여흥동,경기도 여주시 세종로 93,경기도 여주시 홍문동 275,123,https://home.kepco.co.kr/kepco,37.28938282,127.6350388,2025-12-16,
정보화마을,정보통신과,그린투어,세종대왕면,경기도 여주시 세종대왕면 광대1길 10-1,경기도 여주시 세종대왕면 광대리 315-3,,https://greentour.invil.org/,37.26349035,127.5748328,2025-12-16,
정보화마을,정보통신과,서화,북내면,경기도 여주시 북내면 서원2길 38,경기도 여주시 북내면 서원리 182-1,,https://seohwa.invil.org/,37.3993267,127.6974594,2025-12-16,
정보화마을,정보통신과,팜스테이,금사면,경기도 여주시 금사면 윗범실길 8-3,경기도 여주시 금사면 상호리 153-2,,https://farmstay.invil.org/,37.40875051,127.4745956,2025-12-16,
정보화마을,정보통신과,해바라기,강천면,경기도 여주시 강천면 부평로 368,경기도 여주시 강천면 부평리 213-5,,https://sune.invil.org/,37.2844394,127.7405217,2025-12-16,
콘도·호텔,관광체육과,남한강 썬밸리 호텔,여흥동,경기도 여주시 강변유원지길 45,경기도 여주시 연양동 414-5,031-880-3889,http://www.sunvalley.co.kr,37.29309128,127.6610509,2025-12-16,
콘도·호텔,관광체육과,여주 일성 남한강 콘도,오학동,경기도 여주시 신륵로 5,경기도 여주시 천송동 585-2,031-883-1199,http://www.ilsungresort.co.kr,37.30126167,127.6507889,2025-12-16,
평생교육,평생교육과,가남초등학교,가남읍,경기도 여주시 가남읍 태평4길 2,경기도 여주시 가남읍 태평리 75-3,031-883-5455,https://ganam-e.goeyj.kr,37.20528811,127.5475999,2025-12-16,
평생교육,평생교육과,가남초등학교병설유치원,가남읍,경기도 여주시 가남읍 태평4길 2,경기도 여주시 가남읍 태평리 75-3,031-884-2041,https://ganam-e.goeyj.kr,37.20528811,127.5475999,2025-12-16,
평생교육,평생교육과,강천중학교,강천면,경기도 여주시 강천면 강문로 594,경기도 여주시 강천면 간매리 268-1,031-883-1902,https://gangchun-m.goeyj.kr,37.27087978,127.712448,2025-12-16,
평생교육,평생교육과,강천초등학교,강천면,경기도 여주시 강천면 간매3길 31,경기도 여주시 강천면 간매리 443,031-881-1355,https://ges-e.goeyj.kr,37.26902312,127.7204304,2025-12-16,
평생교육,평생교육과,강천초등학교병설유치원,강천면,경기도 여주시 강천면 간매3길 31,경기도 여주시 강천면 간매리 443,031-881-1356,https://ges-e.goeyj.kr,37.26902312,127.7204304,2025-12-16,
평생교육,평생교육과,경기관광고등학교,대신면,경기도 여주시 대신면 여양로 1416,경기도 여주시 대신면 율촌리 산 28-2,031-882-2250,https://gtour-h.goeyj.kr,37.37548313,127.5893974,2025-12-16,
평생교육,평생교육과,금당초등학교,가남읍,경기도 여주시 가남읍 가남로 649,경기도 여주시 가남읍 금당리 713-2,031-884-7687,https://gde-e.goeyj.kr,37.19676315,127.6054844,2025-12-16,
평생교육,평생교육과,금당초등학교병설유치원,가남읍,경기도 여주시 가남읍 가남로 649,경기도 여주시 가남읍 금당리 713-2,031-881-5404,https://gde-e.goeyj.kr,37.19676315,127.6054844,2025-12-16,
평생교육,평생교육과,깊은샘유치원,중앙동,경기도 여주시 삼밭골길 34,경기도 여주시 월송동 248-9,031-884-5030,,37.28576452,127.6120293,2025-12-16,
평생교육,평생교육과,능북초등학교,세종대왕면,경기도 여주시 세종대왕면 백석1길 8-16,경기도 여주시 세종대왕면 백석리 442-4,031-884-6237,https://neungbuk-e.goeyj.kr,37.33347235,127.5921079,2025-12-16,
평생교육,평생교육과,능북초등학교병설유치원,세종대왕면,경기도 여주시 세종대왕면 백석1길 8-16,경기도 여주시 세종대왕면 백석리 442-4,031-884-5286,https://neungbuk-e.goeyj.kr,37.33347235,127.5921079,2025-12-16,
평생교육,평생교육과,능서초등학교,세종대왕면,경기도 여주시 세종대왕면 마장로 64,경기도 여주시 세종대왕면 신지리 786-1,031-884-5876,https://ns-e.goeyj.kr,37.29851588,127.5727365,2025-12-16,
평생교육,평생교육과,능서초등학교병설유치원,세종대왕면,경기도 여주시 세종대왕면 마장로 64,경기도 여주시 세종대왕면 신지리 786-1,031-881-0848,https://ns-e.goeyj.kr,37.29851588,127.5727365,2025-12-16,
평생교육,평생교육과,능현유치원,여흥동,경기도 여주시 명성로 92,경기도 여주시 능현동 280-10,031-883-7066,,37.25874651,127.6568058,2025-12-16,
평생교육,평생교육과,대신고등학교,대신면,경기도 여주시 대신면 여양로 1196,경기도 여주시 대신면 후포리 258-1,031-882-7631,https://daeshin-h.goeyj.kr,37.36353482,127.6081153,2025-12-16,
평생교육,평생교육과,대신중학교,대신면,경기도 여주시 대신면 여양로 1196,경기도 여주시 대신면 후포리 258-1,031-882-7631,https://daeshin-m.goeyj.kr,37.36353482,127.6081153,2025-12-16,
평생교육,평생교육과,대신초등학교,대신면,경기도 여주시 대신면 여양로 1440,경기도 여주시 대신면 율촌리 285,031-882-7619,https://daeshin-e.goeyj.kr,37.37521136,127.5873557,2025-12-16,
평생교육,평생교육과,대신초등학교병설유치원,대신면,경기도 여주시 대신면 여양로 1440,경기도 여주시 대신면 율촌리 285,031-881-2542,https://daeshin-e.goeyj.kr,37.37521136,127.5873557,2025-12-16,
평생교육,평생교육과,매류초등학교,세종대왕면,경기도 여주시 세종대왕면 양화로 592,경기도 여주시 세종대왕면 마래리 143,031-884-8729,https://maeryu-e.goeyj.kr,37.27353531,127.5582613,2025-12-16,
평생교육,평생교육과,매류초등학교병설유치원,세종대왕면,경기도 여주시 세종대왕면 양화로 592,경기도 여주시 세종대왕면 마래리 143,031-881-0262,https://maeryu-e.goeyj.kr,37.27353531,127.5582613,2025-12-16,
평생교육,평생교육과,문장초등학교,흥천면,경기도 여주시 흥천면 문바실길 20,경기도 여주시 흥천면 문장리 373-22,031-883-0404,https://munjang-e.goeyj.kr,37.36126511,127.5124909,2025-12-16,
평생교육,평생교육과,문장초등학교병설유치원,흥천면,경기도 여주시 흥천면 문바실길 20,경기도 여주시 흥천면 문장리 373-22,031-884-0682,https://munjang-e.goeyj.kr,37.36126511,127.5124909,2025-12-16,
평생교육,평생교육과,북내초등학교,북내면,경기도 여주시 북내면 여양2로 304,경기도 여주시 북내면 당우리 175,031-882-0106,https://bn-e.goeyj.kr,37.32941704,127.6806122,2025-12-16,
평생교육,평생교육과,북내초등학교도전분교,강천면,경기도 여주시 강천면 원양1로 716,경기도 여주시 강천면 도전리 776-1,031-886-6212,https://bn-e.goeyj.kr,37.33721014,127.7511112,2025-12-16,
평생교육,평생교육과,북내초등학교도전분교장병설유치원,강천면,경기도 여주시 강천면 원양1로 716,경기도 여주시 강천면 도전리 776-1,031-886-7445,https://bn-e.goeyj.kr,37.33721014,127.7511112,2025-12-16,
평생교육,평생교육과,북내초등학교병설유치원,북내면,경기도 여주시 북내면 여양2로 304,경기도 여주시 북내면 당우리 175,031-883-9567,https://bn-e.goeyj.kr,37.32941704,127.6806122,2025-12-16,
평생교육,평생교육과,북내초등학교운암분교,북내면,경기도 여주시 북내면 당전로 284,경기도 여주시 북내면 중암리 634-1,031-882-0174,https://bn-e.goeyj.kr,37.33414383,127.7104114,2025-12-16,
평생교육,평생교육과,상품중학교,산북면,경기도 여주시 산북면 상품1길 28,경기도 여주시 산북면 상품리 70-1,031-883-0051,https://sangpoom-m.goeyj.kr,37.40265113,127.4399231,2025-12-16,
평생교육,평생교육과,상품초등학교,산북면,경기도 여주시 산북면 금품1로 15,경기도 여주시 산북면 상품리 12-1,031-883-0077,https://sangpum-e.goeyj.kr,37.40533485,127.4450137,2025-12-16,
평생교육,평생교육과,상품초등학교병설유치원,산북면,경기도 여주시 산북면 금품1로 15,경기도 여주시 산북면 상품리 12-1,031-884-0908,https://sangpum-e.goeyj.kr,37.40533485,127.4450137,2025-12-16,
평생교육,평생교육과,세정중학교,세종대왕면,경기도 여주시 세종대왕면 양화로 697,경기도 여주시 세종대왕면 매류리 376-6,031-882-4700,https://sejung-m.goeyj.kr,37.28030689,127.5639853,2025-12-16,
평생교육,평생교육과,세종고등학교,여흥동,경기도 여주시 청심로 221,경기도 여주시 상동 536-1,031-883-1120,https://se-jong-h.goeyj.kr,37.29549345,127.6462791,2025-12-16,
평생교육,평생교육과,세종중학교,중앙동,경기도 여주시 세종로 204-17,경기도 여주시 교동 121-11,031-884-6175,https://yjsejong-m.goeyj.kr,37.279512,127.6328214,2025-12-16,
평생교육,평생교육과,세종초등학교,중앙동,경기도 여주시 세종로 204-19,경기도 여주시 교동 121-7,031-880-2600,https://sejong-e.goeyj.kr,37.2797981,127.6338262,2025-12-16,
평생교육,평생교육과,세종초등학교병설유치원,중앙동,경기도 여주시 세종로 204-19,경기도 여주시 교동 121-7,031-880-2680,https://sejong-e.goeyj.kr,37.2797981,127.6338262,2025-12-16,
평생교육,평생교육과,소화유치원,중앙동,경기도 여주시 우암로 5,경기도 여주시 하동 394-49,031-886-1278,http://www.yeojusohwa.co.kr,37.29782467,127.6339673,2025-12-16,
평생교육,평생교육과,송삼초등학교,가남읍,경기도 여주시 가남읍 송삼로 165,경기도 여주시 가남읍 송림리 209-1,031-882-5463,https://songsam-e.goeyj.kr,37.17646533,127.6339597,2025-12-16,
평생교육,평생교육과,송삼초등학교병설유치원,가남읍,경기도 여주시 가남읍 송삼로 165,경기도 여주시 가남읍 송림리 209-1,031-881-3775,https://songsam-e.goeyj.kr,37.17646533,127.6339597,2025-12-16,
평생교육,평생교육과,송촌초등학교,대신면,경기도 여주시 대신면 여양1로 237,경기도 여주시 대신면 송촌리 504,031-881-1914,https://song-e.goeyj.kr,37.4117204,127.5690748,2025-12-16,
평생교육,평생교육과,송촌초등학교병설유치원,대신면,경기도 여주시 대신면 여양1로 237,경기도 여주시 대신면 송촌리 504,031-883-3829,https://song-e.goeyj.kr,37.4117204,127.5690748,2025-12-16,
평생교육,평생교육과,여강고등학교,북내면,경기도 여주시 북내면 여강로 337-8,경기도 여주시 북내면 신접리 200,031-882-0109,https://yeogang-h.goeyj.kr,37.32944528,127.6834973,2025-12-16,
평생교육,평생교육과,여강중학교,북내면,경기도 여주시 북내면 여강로 337-8,경기도 여주시 북내면 신접리 200,031-882-0108,https://yeogang-m.goeyj.kr,37.32944528,127.6834973,2025-12-16,
평생교육,평생교육과,여성회관,오학동,경기도 여주시 신륵사길 6-6,경기도 여주시 천송동 553,031-887-3325,https://lll.yeoju.go.kr,37.30018482,127.6523511,2025-12-16,
평생교육,평생교육과,여주고등학교,중앙동,경기도 여주시 세종로 254-58,경기도 여주시 교동 454-5,031-883-5112,https://yeoju-h.goeyj.kr,37.27191005,127.6326848,2025-12-16,
평생교육,평생교육과,여주농업경영전문학교,세종대왕면,경기도 여주시 세종대왕면 농도원1길 76,경기도 여주시 세종대왕면 왕대리 973-1,031-883-8272,https://yeoju-a.goeyj.kr,37.29536717,127.6233234,2025-12-16,
평생교육,평생교육과,여주대학교,중앙동,경기도 여주시 세종로 338,경기도 여주시 교동 51-5,031-880-5000,https://www.yit.ac.kr,37.27109289,127.6363531,2025-12-16,
평생교육,평생교육과,여주대학교부속유치원,중앙동,경기도 여주시 세종로 338,경기도 여주시 교동 51-5,031-880-5591,http://www.yitkindergarten.co.kr,37.27109289,127.6363531,2025-12-16,
평생교육,평생교육과,여주여자중학교,여흥동,경기도 여주시 청심로 221,경기도 여주시 상동 536-1,031-880-8305,https://yeojugirls-m.goeyj.kr,37.29549345,127.6462791,2025-12-16,
평생교육,평생교육과,여주자영농업고등학교,세종대왕면,경기도 여주시 세종대왕면 농도원1길 78-1,경기도 여주시 세종대왕면 왕대리 973-1,031-883-2842,https://farms-h.goeyj.kr,37.29575224,127.620448,2025-12-16,
평생교육,평생교육과,여주제일고등학교,가남읍,경기도 여주시 가남읍 여주남로 1155-15,경기도 여주시 가남읍 심석리 350-1,031-882-3353 ,https://yeojufirst-h.goeyj.kr,37.20517928,127.5555129,2025-12-16,
평생교육,평생교육과,여주제일중학교,가남읍,경기도 여주시 가남읍 여주남로 1155-15,경기도 여주시 가남읍 심석리 350-1,031-882-3302,https://yeojufirst-m.goeyj.kr,37.20517928,127.5555129,2025-12-16,
평생교육,평생교육과,여주중학교,세종대왕면,경기도 여주시 세종대왕면 농도원1길 78,경기도 여주시 세종대왕면 왕대리 973,031-880-8993,https://yeoju-m.goeyj.kr,37.29679431,127.6209561,2025-12-16,
평생교육,평생교육과,여주초등학교,중앙동,경기도 여주시 청심로 139,경기도 여주시 창동 8,031-880-2900,https://yeoju-e.goeyj.kr,37.29870175,127.6359266,2025-12-16,
평생교육,평생교육과,여주초등학교병설유치원,중앙동,경기도 여주시 청심로 139,경기도 여주시 창동 8,031-880-2972,https://yeoju-e.goeyj.kr,37.29870175,127.6359266,2025-12-16,
평생교육,평생교육과,여흥초등학교,여흥동,경기도 여주시 여양로 91,경기도 여주시 상동 110,031-880-8404,https://yhes-e.goeyj.kr,37.29320528,127.6432887,2025-12-16,
평생교육,평생교육과,여흥초등학교병설유치원,여흥동,경기도 여주시 여양로 91,경기도 여주시 상동 110,031-880-8480,https://yhes-e.goeyj.kr,37.29320528,127.6432887,2025-12-16,
평생교육,평생교육과,연라초등학교,중앙동,경기도 여주시 여주남로 116,경기도 여주시 월송동 313-42,031-884-3066,https://yeonra-e.goeyj.kr,37.27733048,127.6114685,2025-12-16,
평생교육,평생교육과,연라초등학교병설유치원,중앙동,경기도 여주시 여주남로 116,경기도 여주시 월송동 313-42,031-884-3067,https://yeonra-e.goeyj.kr,37.27733048,127.6114685,2025-12-16,
평생교육,평생교육과,오산초등학교,가남읍,경기도 여주시 가남읍 양화로 168,경기도 여주시 가남읍 오산리 236,031-882-8703,https://yjosan-e.goeyj.kr,37.23879824,127.5590153,2025-12-16,
평생교육,평생교육과,오산초등학교병설유치원,가남읍,경기도 여주시 가남읍 양화로 168,경기도 여주시 가남읍 오산리 236,031-884-4423,https://yjosan-e.goeyj.kr,37.23879824,127.5590153,2025-12-16,
평생교육,평생교육과,오학초등학교,오학동,경기도 여주시 도예로 117,경기도 여주시 오학동 105-1,031-885-1326,https://ohak-e.goeyj.kr,37.3124391,127.6478987,2025-12-16,
평생교육,평생교육과,오학초등학교병설유치원,오학동,경기도 여주시 도예로 117,경기도 여주시 오학동 105-1,031-880-2571,https://ohak-e.goeyj.kr,37.3124391,127.6478987,2025-12-16,
평생교육,평생교육과,이포고등학교,흥천면,경기도 여주시 흥천면 이여로 1075,경기도 여주시 흥천면 계신리 468,031-882-9314,https://ipo-h.goeyj.kr,37.37638925,127.5168304,2025-12-16,
평생교육,평생교육과,이포중학교,흥천면,경기도 여주시 흥천면 이여로 1075,경기도 여주시 흥천면 계신리 468,031-882-9314,https://ipo-m.goeyj.kr,37.37638925,127.5168304,2025-12-16,
평생교육,평생교육과,이포초등학교,금사면,경기도 여주시 금사면 이여로 1237,경기도 여주시 금사면 이포리 406-1,031-881-1240,https://ipo-e.goeyj.kr,37.38909566,127.5298321,2025-12-16,
평생교육,평생교육과,이포초등학교병설유치원,금사면,경기도 여주시 금사면 이여로 1237,경기도 여주시 금사면 이포리 406-1,031-882-2570,https://ipo-e.goeyj.kr,37.38909566,127.5298321,2025-12-16,
평생교육,평생교육과,이포초등학교하호분교,금사면,경기도 여주시 금사면 금품1로 695,경기도 여주시 금사면 하호리 188-3,031-886-9416,https://ipo-e.goeyj.kr,37.40585877,127.5012612,2025-12-16,
평생교육,평생교육과,임당유치원,가남읍,경기도 여주시 가남읍 대명산1길 26,경기도 여주시 가남읍 태평리 326-1,031-884-8990,,37.20620712,127.5370223,2025-12-16,
평생교육,평생교육과,재능유치원,중앙동,경기도 여주시 세종로237번길 35,경기도 여주시 교동 21-3,031-882-1475,http://jaenung.co.kr,37.27736536,127.6422798,2025-12-16,
평생교육,평생교육과,점동고등학교,점동면,경기도 여주시 점동면 청안로 152,경기도 여주시 점동면 청안리 122,031-882-6705,https://jeomdong-h.goeyj.kr,37.20593642,127.6632644,2025-12-16,
평생교육,평생교육과,점동중학교,점동면,경기도 여주시 점동면 청안로 152,경기도 여주시 점동면 청안리 122,031-882-6705,https://jeomdong-m.goeyj.kr,37.20593642,127.6632644,2025-12-16,
평생교육,평생교육과,점동초등학교,점동면,경기도 여주시 점동면 청안로 106,경기도 여주시 점동면 청안리 117,031-882-6709,https://jde-e.goeyj.kr,37.2042827,127.6630001,2025-12-16,
평생교육,평생교육과,점동초등학교병설유치원,점동면,경기도 여주시 점동면 청안로 106,경기도 여주시 점동면 청안리 117,031-882-2213,https://jde-e.goeyj.kr,37.2042827,127.6630001,2025-12-16,
평생교육,평생교육과,점봉초등학교,여흥동,경기도 여주시 세종로 488-4,경기도 여주시 점봉동 336,031-881-6604,https://jbe-e.goeyj.kr,37.25674291,127.6446388,2025-12-16,
평생교육,평생교육과,점봉초등학교병설유치원,여흥동,경기도 여주시 세종로 488-4,경기도 여주시 점봉동 336,031-881-6607,https://jbe-e.goeyj.kr,37.25674291,127.6446388,2025-12-16,
평생교육,평생교육과,중앙유치원,가남읍,경기도 여주시 가남읍 마구실길 56-14,경기도 여주시 가남읍 태평리 400-1,031-882-2830,,37.20252101,127.5394921,2025-12-16,
평생교육,평생교육과,창명여자중학교,대신면,경기도 여주시 대신면 여양로 1416,경기도 여주시 대신면 율촌리 산 28-2,031-882-2250,https://changmyeong-m.goeyj.kr,37.37548313,127.5893974,2025-12-16,
평생교육,평생교육과,천남초등학교,대신면,경기도 여주시 대신면 참샘2길 1,경기도 여주시 대신면 천남리 649-1,031-883-7275,https://chonnam-e.goeyj.kr,37.3458497,127.6313184,2025-12-16,
평생교육,평생교육과,천남초등학교병설유치원,대신면,경기도 여주시 대신면 참샘2길 1,경기도 여주시 대신면 천남리 649-1,031-881-4068,https://chonnam-e.goeyj.kr,37.3458497,127.6313184,2025-12-16,
평생교육,평생교육과,해님유치원,중앙동,경기도 여주시 월평로 11,경기도 여주시 월송동 326-2,031-885-5484,https://blog.naver.com/haenim5484,37.27638366,127.6110713,2025-12-16,
평생교육,평생교육과,흥천중학교,흥천면,경기도 여주시 흥천면 흥천로 308-27,경기도 여주시 흥천면 효지리 163-1,031-881-2302,https://heungcheon-m.goeyj.kr,37.32737755,127.5555146,2025-12-16,
평생교육,평생교육과,흥천초등학교,흥천면,경기도 여주시 흥천면 효자로 155,경기도 여주시 흥천면 효지리 377-3,031-884-3370,https://heungcheon-e.goeyj.kr,37.3328062,127.5413066,2025-12-16,
평생교육,평생교육과,흥천초등학교병설유치원,흥천면,경기도 여주시 흥천면 효자로 155,경기도 여주시 흥천면 효지리 377-3,031-881-0344,https://heungcheon-e.goeyj.kr,37.3328062,127.5413066,2025-12-16,
